timestamp,wind_speed_ms,temperature_c
2026-01-31 00:00:00+00:00,8.0,-4.0
2026-01-31 01:00:00+00:00,8.6512,-3.7084
2026-01-31 02:00:00+00:00,9.2802,-3.4173
2026-01-31 03:00:00+00:00,9.8657,-3.1273
2026-01-31 04:00:00+00:00,10.3886,-2.8387
2026-01-31 05:00:00+00:00,10.8329,-2.5522
2026-01-31 06:00:00+00:00,11.1861,-2.2682
2026-01-31 07:00:00+00:00,11.4403,-1.9872
2026-01-31 08:00:00+00:00,11.5922,-1.7096
2026-01-31 09:00:00+00:00,11.6433,-1.4361
2026-01-31 10:00:00+00:00,11.5998,-1.167
2026-01-31 11:00:00+00:00,11.4726,-0.9028
2026-01-31 12:00:00+00:00,11.2762,-0.644
2026-01-31 13:00:00+00:00,11.0283,-0.391
2026-01-31 14:00:00+00:00,10.7488,-0.1443
2026-01-31 15:00:00+00:00,10.4588,0.0957
2026-01-31 16:00:00+00:00,10.1797,0.3286
2026-01-31 17:00:00+00:00,9.9319,0.554
2026-01-31 18:00:00+00:00,9.7339,0.7715
2026-01-31 19:00:00+00:00,9.6014,0.9807
2026-01-31 20:00:00+00:00,9.5463,1.1812
2026-01-31 21:00:00+00:00,9.5764,1.3728
2026-01-31 22:00:00+00:00,9.6949,1.555
2026-01-31 23:00:00+00:00,9.9001,1.7276
2026-02-01 00:00:00+00:00,10.1855,1.8903
2026-02-01 01:00:00+00:00,10.5404,2.0427
2026-02-01 02:00:00+00:00,10.95,2.1847
2026-02-01 03:00:00+00:00,11.3964,2.3159
2026-02-01 04:00:00+00:00,11.8593,2.4361
2026-02-01 05:00:00+00:00,12.3172,2.5452
2026-02-01 06:00:00+00:00,12.7482,2.6429
2026-02-01 07:00:00+00:00,13.1313,2.7291
2026-02-01 08:00:00+00:00,13.4474,2.8036
2026-02-01 09:00:00+00:00,13.68,2.8663
2026-02-01 10:00:00+00:00,13.8163,2.917
2026-02-01 11:00:00+00:00,13.8479,2.9558
2026-02-01 12:00:00+00:00,13.7707,2.9825
2026-02-01 13:00:00+00:00,13.5856,2.997
2026-02-01 14:00:00+00:00,13.2986,2.9994
2026-02-01 15:00:00+00:00,12.9197,2.9897
2026-02-01 16:00:00+00:00,12.4634,2.9679
2026-02-01 17:00:00+00:00,11.9473,2.9339
2026-02-01 18:00:00+00:00,11.3917,2.8879
2026-02-01 19:00:00+00:00,10.8182,2.83
2026-02-01 20:00:00+00:00,10.2489,2.7601
2026-02-01 21:00:00+00:00,9.7056,2.6786
2026-02-01 22:00:00+00:00,9.208,2.5855
2026-02-01 23:00:00+00:00,8.7735,2.4809
2026-02-02 00:00:00+00:00,8.4159,2.3651
2026-02-02 01:00:00+00:00,8.1451,2.2382
2026-02-02 02:00:00+00:00,7.9661,2.1005
2026-02-02 03:00:00+00:00,7.8794,1.9522
2026-02-02 04:00:00+00:00,7.8806,1.7936
2026-02-02 05:00:00+00:00,7.9608,1.6249
2026-02-02 06:00:00+00:00,8.107,1.4465
2026-02-02 07:00:00+00:00,8.3026,1.2586
2026-02-02 08:00:00+00:00,8.5288,1.0616
2026-02-02 09:00:00+00:00,8.7647,0.8558
2026-02-02 10:00:00+00:00,8.9893,0.6416
2026-02-02 11:00:00+00:00,9.1817,0.4193
2026-02-02 12:00:00+00:00,9.3227,0.1893
2026-02-02 13:00:00+00:00,9.3956,-0.0479
2026-02-02 14:00:00+00:00,9.3872,-0.292
2026-02-02 15:00:00+00:00,9.2879,-0.5426
2026-02-02 16:00:00+00:00,9.0932,-0.7991
2026-02-02 17:00:00+00:00,8.803,-1.0612
2026-02-02 18:00:00+00:00,8.422,-1.3284
2026-02-02 19:00:00+00:00,7.9598,-1.6002
2026-02-02 20:00:00+00:00,7.4299,-1.8762
2026-02-02 21:00:00+00:00,6.8494,-2.1559
2026-02-02 22:00:00+00:00,6.2381,-2.4388
2026-02-02 23:00:00+00:00,5.6176,-2.7244
2026-02-03 00:00:00+00:00,5.0102,-3.0122
2026-02-03 01:00:00+00:00,4.4378,-3.3017
2026-02-03 02:00:00+00:00,3.9209,-3.5924
2026-02-03 03:00:00+00:00,3.4776,-3.8839
2026-02-03 04:00:00+00:00,3.1229,-4.1755
2026-02-03 05:00:00+00:00,2.8675,-4.4668
2026-02-03 06:00:00+00:00,2.7178,-4.7574
2026-02-03 07:00:00+00:00,2.6755,-5.0466
2026-02-03 08:00:00+00:00,2.7371,-5.334
2026-02-03 09:00:00+00:00,2.8949,-5.6191
2026-02-03 10:00:00+00:00,3.1365,-5.9013
2026-02-03 11:00:00+00:00,3.4461,-6.1803
2026-02-03 12:00:00+00:00,3.8048,-6.4555
2026-02-03 13:00:00+00:00,4.1921,-6.7264
2026-02-03 14:00:00+00:00,4.5862,-6.9926
2026-02-03 15:00:00+00:00,4.9658,-7.2536
2026-02-03 16:00:00+00:00,5.3106,-7.5089
2026-02-03 17:00:00+00:00,5.6027,-7.7582
2026-02-03 18:00:00+00:00,5.8271,-8.0009
2026-02-03 19:00:00+00:00,5.9728,-8.2367
2026-02-03 20:00:00+00:00,6.033,-8.4652
2026-02-03 21:00:00+00:00,6.006,-8.6858
2026-02-03 22:00:00+00:00,5.8944,-8.8984
2026-02-03 23:00:00+00:00,5.7058,-9.1024
2026-02-04 00:00:00+00:00,5.4521,-9.2976
2026-02-04 01:00:00+00:00,5.1486,-9.4836
2026-02-04 02:00:00+00:00,4.8139,-9.6601
2026-02-04 03:00:00+00:00,4.4684,-9.8267
2026-02-04 04:00:00+00:00,4.1335,-9.9833
2026-02-04 05:00:00+00:00,3.8305,-10.1294
2026-02-04 06:00:00+00:00,3.5797,-10.2649
2026-02-04 07:00:00+00:00,3.3992,-10.3896
2026-02-04 08:00:00+00:00,3.3041,-10.5031
2026-02-04 09:00:00+00:00,3.3054,-10.6054
2026-02-04 10:00:00+00:00,3.4102,-10.6961
2026-02-04 11:00:00+00:00,3.6205,-10.7753
2026-02-04 12:00:00+00:00,3.9337,-10.8427
2026-02-04 13:00:00+00:00,4.3421,-10.8982
2026-02-04 14:00:00+00:00,4.834,-10.9418
2026-02-04 15:00:00+00:00,5.3936,-10.9733
2026-02-04 16:00:00+00:00,6.0021,-10.9927
2026-02-04 17:00:00+00:00,6.6386,-10.9999
2026-02-04 18:00:00+00:00,7.2808,-10.995
2026-02-04 19:00:00+00:00,7.9066,-10.978
2026-02-04 20:00:00+00:00,8.4945,-10.9489
2026-02-04 21:00:00+00:00,9.0253,-10.9077
2026-02-04 22:00:00+00:00,9.4824,-10.8545
2026-02-04 23:00:00+00:00,9.8531,-10.7894
2026-02-05 00:00:00+00:00,10.129,-10.7125
2026-02-05 01:00:00+00:00,10.3063,-10.6239
2026-02-05 02:00:00+00:00,10.3859,-10.5239
2026-02-05 03:00:00+00:00,10.3737,-10.4125
2026-02-05 04:00:00+00:00,10.2799,-10.29
2026-02-05 05:00:00+00:00,10.1187,-10.1566
2026-02-05 06:00:00+00:00,9.9074,-10.0125
2026-02-05 07:00:00+00:00,9.6656,-9.858
2026-02-05 08:00:00+00:00,9.4144,-9.6933
2026-02-05 09:00:00+00:00,9.175,-9.5187
2026-02-05 10:00:00+00:00,8.9679,-9.3346
2026-02-05 11:00:00+00:00,8.8116,-9.1411
2026-02-05 12:00:00+00:00,8.7219,-8.9388
2026-02-05 13:00:00+00:00,8.7112,-8.7279
2026-02-05 14:00:00+00:00,8.7875,-8.5087
2026-02-05 15:00:00+00:00,8.9542,-8.2818
2026-02-05 16:00:00+00:00,9.21,-8.0474
2026-02-05 17:00:00+00:00,9.5487,-7.806
2026-02-05 18:00:00+00:00,9.9597,-7.558
2026-02-05 19:00:00+00:00,10.4286,-7.3038
2026-02-05 20:00:00+00:00,10.9374,-7.0438
2026-02-05 21:00:00+00:00,11.466,-6.7786
2026-02-05 22:00:00+00:00,11.9926,-6.5086
2026-02-05 23:00:00+00:00,12.4952,-6.2342
2026-02-06 00:00:00+00:00,12.9525,-5.9559
2026-02-06 01:00:00+00:00,13.3449,-5.6742
2026-02-06 02:00:00+00:00,13.6556,-5.3897
2026-02-06 03:00:00+00:00,13.871,-5.1027
2026-02-06 04:00:00+00:00,13.9821,-4.8138
2026-02-06 05:00:00+00:00,13.9843,-4.5235
2026-02-06 06:00:00+00:00,13.8777,-4.2323
2026-02-06 07:00:00+00:00,13.6676,-3.9406
2026-02-06 08:00:00+00:00,13.3636,-3.6491
2026-02-06 09:00:00+00:00,12.9795,-3.3582
2026-02-06 10:00:00+00:00,12.5325,-3.0684
2026-02-06 11:00:00+00:00,12.0424,-2.7802
2026-02-06 12:00:00+00:00,11.5306,-2.4942
2026-02-06 13:00:00+00:00,11.0191,-2.2107
2026-02-06 14:00:00+00:00,10.5295,-1.9304
2026-02-06 15:00:00+00:00,10.0817,-1.6536
2026-02-06 16:00:00+00:00,9.6931,-1.3809
2026-02-06 17:00:00+00:00,9.3778,-1.1128
2026-02-06 18:00:00+00:00,9.1459,-0.8497
2026-02-06 19:00:00+00:00,9.0029,-0.592
2026-02-06 20:00:00+00:00,8.9495,-0.3403
2026-02-06 21:00:00+00:00,8.9817,-0.0949
2026-02-06 22:00:00+00:00,9.0909,0.1437
2026-02-06 23:00:00+00:00,9.2643,0.3751
2026-02-07 00:00:00+00:00,9.4857,0.5989
2026-02-07 01:00:00+00:00,9.7361,0.8147
2026-02-07 02:00:00+00:00,9.9951,1.0222
2026-02-07 03:00:00+00:00,10.2412,1.221
2026-02-07 04:00:00+00:00,10.4536,1.4107
2026-02-07 05:00:00+00:00,10.6129,1.591
2026-02-07 06:00:00+00:00,10.7019,1.7616
2026-02-07 07:00:00+00:00,10.707,1.9222
2026-02-07 08:00:00+00:00,10.6185,2.0725
2026-02-07 09:00:00+00:00,10.4311,2.2123
2026-02-07 10:00:00+00:00,10.1443,2.3412
2026-02-07 11:00:00+00:00,9.7625,2.4592
2026-02-07 12:00:00+00:00,9.2947,2.566
2026-02-07 13:00:00+00:00,8.7541,2.6614
2026-02-07 14:00:00+00:00,8.1577,2.7452
2026-02-07 15:00:00+00:00,7.525,2.8173
2026-02-07 16:00:00+00:00,6.8775,2.8776
2026-02-07 17:00:00+00:00,6.2377,2.9259
2026-02-07 18:00:00+00:00,5.6275,2.9622
2026-02-07 19:00:00+00:00,5.0677,2.9864
2026-02-07 20:00:00+00:00,4.5769,2.9985
2026-02-07 21:00:00+00:00,4.1705,2.9985
2026-02-07 22:00:00+00:00,3.8596,2.9863
2026-02-07 23:00:00+00:00,3.6514,2.9619
2026-02-08 00:00:00+00:00,3.5481,2.9255
2026-02-08 01:00:00+00:00,3.5468,2.8771
2026-02-08 02:00:00+00:00,3.6404,2.8167
2026-02-08 03:00:00+00:00,3.817,2.7445
2026-02-08 04:00:00+00:00,4.0614,2.6606
2026-02-08 05:00:00+00:00,4.355,2.5651
2026-02-08 06:00:00+00:00,4.6776,2.4582
2026-02-08 07:00:00+00:00,5.0077,2.3401
2026-02-08 08:00:00+00:00,5.3241,2.2111
2026-02-08 09:00:00+00:00,5.6065,2.0712
2026-02-08 10:00:00+00:00,5.8369,1.9208
2026-02-08 11:00:00+00:00,6.0001,1.7601
2026-02-08 12:00:00+00:00,6.085,1.5894
2026-02-08 13:00:00+00:00,6.0846,1.409
2026-02-08 14:00:00+00:00,5.9967,1.2192
2026-02-08 15:00:00+00:00,5.8239,1.0204
2026-02-08 16:00:00+00:00,5.5734,0.8129
2026-02-08 17:00:00+00:00,5.2568,0.597
2026-02-08 18:00:00+00:00,4.8894,0.3731
2026-02-08 19:00:00+00:00,4.4897,0.1416
2026-02-08 20:00:00+00:00,4.0781,-0.0971
2026-02-08 21:00:00+00:00,3.6762,-0.3425
2026-02-08 22:00:00+00:00,3.3056,-0.5943
2026-02-08 23:00:00+00:00,2.9868,-0.852
2026-02-09 00:00:00+00:00,2.7383,-1.1152
2026-02-09 01:00:00+00:00,2.5757,-1.3833
2026-02-09 02:00:00+00:00,2.5108,-1.6561
2026-02-09 03:00:00+00:00,2.5511,-1.9328
2026-02-09 04:00:00+00:00,2.6992,-2.2132
2026-02-09 05:00:00+00:00,2.953,-2.4967
2026-02-09 06:00:00+00:00,3.3057,-2.7828
2026-02-09 07:00:00+00:00,3.746,-3.071
2026-02-09 08:00:00+00:00,4.2585,-3.3608
2026-02-09 09:00:00+00:00,4.8249,-3.6517
2026-02-09 10:00:00+00:00,5.4244,-3.9432
2026-02-09 11:00:00+00:00,6.0351,-4.2348
2026-02-09 12:00:00+00:00,6.6347,-4.5261
2026-02-09 13:00:00+00:00,7.2019,-4.8164
2026-02-09 14:00:00+00:00,7.717,-5.1052
2026-02-09 15:00:00+00:00,8.1635,-5.3922
2026-02-09 16:00:00+00:00,8.5282,-5.6768
2026-02-09 17:00:00+00:00,8.8022,-5.9584
2026-02-09 18:00:00+00:00,8.9814,-6.2366
2026-02-09 19:00:00+00:00,9.0663,-6.511
2026-02-09 20:00:00+00:00,9.0622,-6.781
2026-02-09 21:00:00+00:00,8.979,-7.0462
2026-02-09 22:00:00+00:00,8.8304,-7.306
2026-02-09 23:00:00+00:00,8.6336,-7.5602
2026-02-10 00:00:00+00:00,8.408,-7.8081
2026-02-10 01:00:00+00:00,8.1744,-8.0495
2026-02-10 02:00:00+00:00,7.954,-8.2838
2026-02-10 03:00:00+00:00,7.7674,-8.5107
2026-02-10 04:00:00+00:00,7.6334,-8.7298
2026-02-10 05:00:00+00:00,7.5678,-8.9406
2026-02-10 06:00:00+00:00,7.5835,-9.1429
2026-02-10 07:00:00+00:00,7.6886,-9.3362
2026-02-10 08:00:00+00:00,7.887,-9.5203
2026-02-10 09:00:00+00:00,8.1778,-9.6948
2026-02-10 10:00:00+00:00,18.0,-9.8594
2026-02-10 11:00:00+00:00,4.0,-10.0139
2026-02-10 12:00:00+00:00,20.0,-10.1579
2026-02-10 13:00:00+00:00,5.0,-10.2912
2026-02-10 14:00:00+00:00,10.6671,-10.4136
2026-02-10 15:00:00+00:00,11.2529,-10.5248
2026-02-10 16:00:00+00:00,11.8188,-10.6248
2026-02-10 17:00:00+00:00,12.3431,-10.7132
2026-02-10 18:00:00+00:00,12.806,-10.79
2026-02-10 19:00:00+00:00,13.1899,-10.855
2026-02-10 20:00:00+00:00,13.481,-10.9081
2026-02-10 21:00:00+00:00,13.6695,-10.9492
2026-02-10 22:00:00+00:00,13.7501,-10.9782
2026-02-10 23:00:00+00:00,13.7225,-10.9951
2026-02-11 00:00:00+00:00,13.591,-10.9999
2026-02-11 01:00:00+00:00,13.3648,-10.9926
2026-02-11 02:00:00+00:00,13.0571,-10.9731
2026-02-11 03:00:00+00:00,12.6845,-10.9415
2026-02-11 04:00:00+00:00,12.2666,-10.8978
2026-02-11 05:00:00+00:00,11.8243,-10.8422
2026-02-11 06:00:00+00:00,11.3796,-10.7747
2026-02-11 07:00:00+00:00,10.9538,-10.6954
2026-02-11 08:00:00+00:00,10.567,-10.6045
2026-02-11 09:00:00+00:00,10.2365,-10.5021
2026-02-11 10:00:00+00:00,9.9768,-10.3885
2026-02-11 11:00:00+00:00,9.7981,-10.2638
2026-02-11 12:00:00+00:00,9.7062,-10.1282
2026-02-11 13:00:00+00:00,9.7021,-9.9819
2026-02-11 14:00:00+00:00,9.7821,-9.8253
2026-02-11 15:00:00+00:00,9.9379,-9.6586
2026-02-11 16:00:00+00:00,10.1569,-9.482
2026-02-11 17:00:00+00:00,10.4232,-9.2959
2026-02-11 18:00:00+00:00,10.7177,-9.1007
2026-02-11 19:00:00+00:00,11.02,-8.8965
2026-02-11 20:00:00+00:00,11.3087,-8.6839
2026-02-11 21:00:00+00:00,11.5626,-8.4632
2026-02-11 22:00:00+00:00,11.762,-8.2347
2026-02-11 23:00:00+00:00,11.8896,-7.9988
2026-02-12 00:00:00+00:00,11.931,-7.756
2026-02-12 01:00:00+00:00,11.8762,-7.5067
2026-02-12 02:00:00+00:00,11.7194,-7.2513
2026-02-12 03:00:00+00:00,11.4595,-6.9903
2026-02-12 04:00:00+00:00,11.1004,-6.724
2026-02-12 05:00:00+00:00,10.6507,-6.4531
2026-02-12 06:00:00+00:00,10.1231,-6.1778
2026-02-12 07:00:00+00:00,9.5343,-5.8988
2026-02-12 08:00:00+00:00,8.9035,-5.6165
2026-02-12 09:00:00+00:00,8.2521,-5.3314
2026-02-12 10:00:00+00:00,7.6026,-5.044
2026-02-12 11:00:00+00:00,6.9769,-4.7548
2026-02-12 12:00:00+00:00,6.3963,-4.4643
2026-02-12 13:00:00+00:00,5.8794,-4.1729
2026-02-12 14:00:00+00:00,5.4419,-3.8813
2026-02-12 15:00:00+00:00,5.0958,-3.5898
2026-02-12 16:00:00+00:00,4.8485,-3.2991
2026-02-12 17:00:00+00:00,4.7028,-3.0096
2026-02-12 18:00:00+00:00,4.6564,-2.7218
2026-02-12 19:00:00+00:00,4.7027,-2.4362
2026-02-12 20:00:00+00:00,4.8304,-2.1534
2026-02-12 21:00:00+00:00,5.0246,-1.8737
2026-02-12 22:00:00+00:00,5.2672,-1.5978
2026-02-12 23:00:00+00:00,5.5382,-1.326
2026-02-13 00:00:00+00:00,5.8164,-1.0588
2026-02-13 01:00:00+00:00,6.0806,-0.7968
2026-02-13 02:00:00+00:00,6.3105,-0.5403
2026-02-13 03:00:00+00:00,6.4879,-0.2898
2026-02-13 04:00:00+00:00,6.5977,-0.0458
2026-02-13 05:00:00+00:00,6.6284,0.1914
2026-02-13 06:00:00+00:00,6.5727,0.4213
2026-02-13 07:00:00+00:00,6.4282,0.6435
2026-02-13 08:00:00+00:00,6.1972,0.8577
2026-02-13 09:00:00+00:00,5.8865,1.0634
2026-02-13 10:00:00+00:00,5.5077,1.2603
2026-02-13 11:00:00+00:00,5.0759,1.4481
2026-02-13 12:00:00+00:00,4.6095,1.6265
2026-02-13 13:00:00+00:00,4.1289,1.7951
2026-02-13 14:00:00+00:00,3.6558,1.9536
2026-02-13 15:00:00+00:00,3.212,2.1018
2026-02-13 16:00:00+00:00,2.8186,2.2394
2026-02-13 17:00:00+00:00,2.4943,2.3662
2026-02-13 18:00:00+00:00,2.2553,2.4819
2026-02-13 19:00:00+00:00,2.1139,2.5863
2026-02-13 20:00:00+00:00,2.0782,2.6794
2026-02-13 21:00:00+00:00,2.1517,2.7608
2026-02-13 22:00:00+00:00,2.3327,2.8305
2026-02-13 23:00:00+00:00,2.6152,2.8884
2026-02-14 00:00:00+00:00,2.9882,2.9343
2026-02-14 01:00:00+00:00,3.4372,2.9681
2026-02-14 02:00:00+00:00,3.944,2.9899
2026-02-14 03:00:00+00:00,4.4884,2.9995
2026-02-14 04:00:00+00:00,5.0485,2.997
2026-02-14 05:00:00+00:00,5.6023,2.9823
2026-02-14 06:00:00+00:00,6.1283,2.9555
2026-02-14 07:00:00+00:00,6.6069,2.9166
2026-02-14 08:00:00+00:00,7.0213,2.8657
2026-02-14 09:00:00+00:00,7.358,2.803
2026-02-14 10:00:00+00:00,7.6079,2.7284
2026-02-14 11:00:00+00:00,7.7664,2.6421
2026-02-14 12:00:00+00:00,7.8336,2.5443
2026-02-14 13:00:00+00:00,7.8146,2.4351
2026-02-14 14:00:00+00:00,7.7188,2.3148
2026-02-14 15:00:00+00:00,7.5596,2.1835
2026-02-14 16:00:00+00:00,7.354,2.0414
2026-02-14 17:00:00+00:00,7.1212,1.8889
2026-02-14 18:00:00+00:00,6.882,1.7262
2026-02-14 19:00:00+00:00,6.6576,1.5535
2026-02-14 20:00:00+00:00,6.4687,1.3711
2026-02-14 21:00:00+00:00,6.3342,1.1795
2026-02-14 22:00:00+00:00,6.2705,0.9789
2026-02-14 23:00:00+00:00,6.2904,0.7696
2026-02-15 00:00:00+00:00,6.4028,0.552
2026-02-15 01:00:00+00:00,6.612,0.3266
2026-02-15 02:00:00+00:00,6.9171,0.0936
2026-02-15 03:00:00+00:00,7.313,-0.1465
2026-02-15 04:00:00+00:00,7.7897,-0.3933
2026-02-15 05:00:00+00:00,8.333,-0.6463
2026-02-15 06:00:00+00:00,8.9255,-0.9051
2026-02-15 07:00:00+00:00,9.5471,-1.1694
2026-02-15 08:00:00+00:00,10.176,-1.4385
2026-02-15 09:00:00+00:00,10.79,-1.7121
2026-02-15 10:00:00+00:00,11.3672,-1.9896
2026-02-15 11:00:00+00:00,11.8873,-2.2707
2026-02-15 12:00:00+00:00,12.3325,-2.5547
2026-02-15 13:00:00+00:00,12.6883,-2.8413
2026-02-15 14:00:00+00:00,12.9444,-3.1298
2026-02-15 15:00:00+00:00,13.0949,-3.4199
2026-02-15 16:00:00+00:00,13.1387,-3.711
2026-02-15 17:00:00+00:00,13.0798,-4.0026
2026-02-15 18:00:00+00:00,12.9264,-4.2942
2026-02-15 19:00:00+00:00,12.6914,-4.5852
2026-02-15 20:00:00+00:00,12.3909,-4.8753
2026-02-15 21:00:00+00:00,12.044,-5.1638
2026-02-15 22:00:00+00:00,11.6714,-5.4503
2026-02-15 23:00:00+00:00,11.2947,-5.7343
2026-02-16 00:00:00+00:00,10.9353,-6.0153
2026-02-16 01:00:00+00:00,10.6131,-6.2928
2026-02-16 02:00:00+00:00,10.3458,-6.5663
2026-02-16 03:00:00+00:00,10.1477,-6.8354
2026-02-16 04:00:00+00:00,10.0294,-7.0995
2026-02-16 05:00:00+00:00,9.9969,-7.3583
2026-02-16 06:00:00+00:00,10.0516,-7.6112
2026-02-16 07:00:00+00:00,10.1899,-7.8578
2026-02-16 08:00:00+00:00,10.4039,-8.0978
2026-02-16 09:00:00+00:00,10.6812,-8.3306
2026-02-16 10:00:00+00:00,11.0059,-8.5559
2026-02-16 11:00:00+00:00,11.3591,-8.7734
2026-02-16 12:00:00+00:00,11.7203,-8.9825
2026-02-16 13:00:00+00:00,12.0679,-9.183
2026-02-16 14:00:00+00:00,12.3805,-9.3745
2026-02-16 15:00:00+00:00,12.6382,-9.5566
2026-02-16 16:00:00+00:00,12.8231,-9.7291
2026-02-16 17:00:00+00:00,12.9206,-9.8917
2026-02-16 18:00:00+00:00,12.9198,-10.044
2026-02-16 19:00:00+00:00,12.8145,-10.1859
2026-02-16 20:00:00+00:00,12.603,-10.317
2026-02-16 21:00:00+00:00,12.2887,-10.4371
2026-02-16 22:00:00+00:00,11.8795,-10.5461
2026-02-16 23:00:00+00:00,11.3878,-10.6437
2026-02-17 00:00:00+00:00,10.8297,-10.7298
2026-02-17 01:00:00+00:00,10.2243,-10.8042
2026-02-17 02:00:00+00:00,9.5927,-10.8668
2026-02-17 03:00:00+00:00,8.9571,-10.9174
2026-02-17 04:00:00+00:00,8.3398,-10.9561
2026-02-17 05:00:00+00:00,7.7618,-10.9826
2026-02-17 06:00:00+00:00,7.2423,-10.9971
2026-02-17 07:00:00+00:00,6.7972,-10.9994
2026-02-17 08:00:00+00:00,6.4389,-10.9896
2026-02-17 09:00:00+00:00,6.1752,-10.9676
2026-02-17 10:00:00+00:00,6.0093,-10.9335
2026-02-17 11:00:00+00:00,5.9397,-10.8874
2026-02-17 12:00:00+00:00,5.9601,-10.8294
2026-02-17 13:00:00+00:00,6.0596,-10.7595
2026-02-17 14:00:00+00:00,6.2237,-10.6778
2026-02-17 15:00:00+00:00,6.4348,-10.5846
2026-02-17 16:00:00+00:00,6.673,-10.4799
2026-02-17 17:00:00+00:00,6.9173,-10.364
2026-02-17 18:00:00+00:00,7.1464,-10.237
2026-02-17 19:00:00+00:00,7.3401,-10.0993
2026-02-17 20:00:00+00:00,7.4801,-9.9509
2026-02-17 21:00:00+00:00,7.551,-9.7922
2026-02-17 22:00:00+00:00,7.5411,-9.6234
2026-02-17 23:00:00+00:00,7.4428,-9.4449
2026-02-18 00:00:00+00:00,7.2532,-9.2569
2026-02-18 01:00:00+00:00,6.9745,-9.0598
2026-02-18 02:00:00+00:00,6.6133,-8.8539
2026-02-18 03:00:00+00:00,6.1806,-8.6396
2026-02-18 04:00:00+00:00,5.6916,-8.4173
2026-02-18 05:00:00+00:00,5.1645,-8.1872
2026-02-18 06:00:00+00:00,4.6197,-7.9499
2026-02-18 07:00:00+00:00,4.0791,-7.7058
2026-02-18 08:00:00+00:00,3.5647,-7.4552
2026-02-18 09:00:00+00:00,3.0977,-7.1986
2026-02-18 10:00:00+00:00,2.6975,-6.9365
2026-02-18 11:00:00+00:00,2.3807,-6.6692
2026-02-18 12:00:00+00:00,2.1602,-6.3974
2026-02-18 13:00:00+00:00,2.0447,-6.1213
2026-02-18 14:00:00+00:00,2.0383,-5.8416
2026-02-18 15:00:00+00:00,2.1402,-5.5587
2026-02-18 16:00:00+00:00,2.3447,-5.2731
2026-02-18 17:00:00+00:00,2.6418,-4.9853
2026-02-18 18:00:00+00:00,3.0171,-4.6957
2026-02-18 19:00:00+00:00,3.4533,-4.405
2026-02-18 20:00:00+00:00,3.9303,-4.1136
2026-02-18 21:00:00+00:00,4.4265,-3.8219
2026-02-18 22:00:00+00:00,4.9201,-3.5306
2026-02-18 23:00:00+00:00,5.3897,-3.2401
2026-02-19 00:00:00+00:00,5.8157,-2.9509
2026-02-19 01:00:00+00:00,6.181,-2.6635
2026-02-19 02:00:00+00:00,6.472,-2.3784
2026-02-19 03:00:00+00:00,6.6792,-2.0962
2026-02-19 04:00:00+00:00,6.7977,-1.8172
2026-02-19 05:00:00+00:00,6.8275,-1.5421
2026-02-19 06:00:00+00:00,6.773,-1.2712
2026-02-19 07:00:00+00:00,6.6436,-1.0051
2026-02-19 08:00:00+00:00,6.4524,-0.7441
2026-02-19 09:00:00+00:00,6.216,-0.4888
2026-02-19 10:00:00+00:00,5.9537,-0.2396
2026-02-19 11:00:00+00:00,5.6863,0.0031
2026-02-19 12:00:00+00:00,5.435,0.2388
2026-02-19 13:00:00+00:00,5.2206,0.4671
2026-02-19 14:00:00+00:00,5.0625,0.6878
2026-02-19 15:00:00+00:00,4.9772,0.9002
2026-02-19 16:00:00+00:00,4.9781,1.1042
2026-02-19 17:00:00+00:00,5.0744,1.2993
2026-02-19 18:00:00+00:00,5.2708,1.4852
2026-02-19 19:00:00+00:00,5.5673,1.6616
2026-02-19 20:00:00+00:00,5.9588,1.8282
2026-02-19 21:00:00+00:00,6.4358,1.9846
2026-02-19 22:00:00+00:00,6.9847,2.1307
2026-02-19 23:00:00+00:00,7.5881,2.2661
2026-02-20 00:00:00+00:00,8.2263,2.3906
2026-02-20 01:00:00+00:00,8.8774,2.5041
2026-02-20 02:00:00+00:00,9.5192,2.6062
2026-02-20 03:00:00+00:00,10.1297,2.6969
2026-02-20 04:00:00+00:00,10.6882,2.776
2026-02-20 05:00:00+00:00,11.1765,2.8433
2026-02-20 06:00:00+00:00,11.5798,2.8987
2026-02-20 07:00:00+00:00,11.8872,2.9421
2026-02-20 08:00:00+00:00,12.0922,2.9735
2026-02-20 09:00:00+00:00,12.1932,2.9928
2026-02-20 10:00:00+00:00,12.1935,3.0
2026-02-20 11:00:00+00:00,12.1009,2.995
2026-02-20 12:00:00+00:00,11.9275,2.9778
2026-02-20 13:00:00+00:00,11.6891,2.9486
2026-02-20 14:00:00+00:00,11.4043,2.9072
2026-02-20 15:00:00+00:00,11.0937,2.8539
2026-02-20 16:00:00+00:00,10.7786,2.7887
2026-02-20 17:00:00+00:00,10.4802,2.7117
2026-02-20 18:00:00+00:00,10.2186,2.6231
2026-02-20 19:00:00+00:00,10.0114,2.523
2026-02-20 20:00:00+00:00,9.8732,2.4115
2026-02-20 21:00:00+00:00,9.8147,2.2889
2026-02-20 22:00:00+00:00,9.8423,2.1554
2026-02-20 23:00:00+00:00,9.9576,2.0112
2026-02-21 00:00:00+00:00,10.1574,1.8566
2026-02-21 01:00:00+00:00,10.4338,1.6918
2026-02-21 02:00:00+00:00,10.7747,1.5171
2026-02-21 03:00:00+00:00,11.1643,1.3329
2026-02-21 04:00:00+00:00,11.5839,1.1394
2026-02-21 05:00:00+00:00,12.0128,0.9369
2026-02-21 06:00:00+00:00,12.4293,0.7259
2026-02-21 07:00:00+00:00,12.8118,0.5067
2026-02-21 08:00:00+00:00,13.14,0.2797
2026-02-21 09:00:00+00:00,13.3955,0.0453
2026-02-21 10:00:00+00:00,13.5632,-0.1962
2026-02-21 11:00:00+00:00,13.6317,-0.4443
2026-02-21 12:00:00+00:00,13.5942,-0.6985
2026-02-21 13:00:00+00:00,13.4483,-0.9585
2026-02-21 14:00:00+00:00,13.1968,-1.2238
2026-02-21 15:00:00+00:00,12.847,-1.4938
2026-02-21 16:00:00+00:00,12.4108,-1.7683
2026-02-21 17:00:00+00:00,11.9037,-2.0466
2026-02-21 18:00:00+00:00,11.3446,-2.3283
2026-02-21 19:00:00+00:00,10.7542,-2.6129
2026-02-21 20:00:00+00:00,10.1546,-2.8999
2026-02-21 21:00:00+00:00,9.568,-3.1888
2026-02-21 22:00:00+00:00,9.0155,-3.4791
2026-02-21 23:00:00+00:00,8.5165,-3.7703
2026-02-22 00:00:00+00:00,8.087,-4.062
2026-02-22 01:00:00+00:00,7.7398,-4.3535
2026-02-22 02:00:00+00:00,7.4832,-4.6444
2026-02-22 03:00:00+00:00,7.3208,-4.9342
2026-02-22 04:00:00+00:00,7.2514,-5.2223
2026-02-22 05:00:00+00:00,7.2691,-5.5084
2026-02-22 06:00:00+00:00,7.3636,-5.7918
2026-02-22 07:00:00+00:00,7.5206,-6.0721
2026-02-22 08:00:00+00:00,7.7227,-6.3488
2026-02-22 09:00:00+00:00,7.9504,-6.6215
2026-02-22 10:00:00+00:00,8.1825,-6.8895
2026-02-22 11:00:00+00:00,8.398,-7.1526
2026-02-22 12:00:00+00:00,8.5765,-7.4102
2026-02-22 13:00:00+00:00,8.6994,-7.6619
2026-02-22 14:00:00+00:00,8.7512,-7.9072
2026-02-22 15:00:00+00:00,8.7198,-8.1458
2026-02-22 16:00:00+00:00,8.5973,-8.3771
2026-02-22 17:00:00+00:00,8.3805,-8.6009
2026-02-22 18:00:00+00:00,8.0711,-8.8166
2026-02-22 19:00:00+00:00,7.6752,-9.024
2026-02-22 20:00:00+00:00,7.2039,-9.2227
2026-02-22 21:00:00+00:00,6.672,-9.4123
2026-02-22 22:00:00+00:00,6.0974,-9.5925
2026-02-22 23:00:00+00:00,5.5006,-9.763
2026-02-23 00:00:00+00:00,4.9036,-9.9235
2026-02-23 01:00:00+00:00,4.3286,-10.0738
2026-02-23 02:00:00+00:00,3.7969,-10.2134
2026-02-23 03:00:00+00:00,3.3285,-10.3423
2026-02-23 04:00:00+00:00,2.9403,-10.4602
2026-02-23 05:00:00+00:00,2.6459,-10.5669
2026-02-23 06:00:00+00:00,2.4546,-10.6622
2026-02-23 07:00:00+00:00,2.371,-10.7459
2026-02-23 08:00:00+00:00,2.3951,-10.8179
2026-02-23 09:00:00+00:00,2.5218,-10.878
2026-02-23 10:00:00+00:00,2.7417,-10.9263
2026-02-23 11:00:00+00:00,3.0411,-10.9625
2026-02-23 12:00:00+00:00,3.4029,-10.9866
2026-02-23 13:00:00+00:00,3.8075,-10.9986
2026-02-23 14:00:00+00:00,4.2338,-10.9984
2026-02-23 15:00:00+00:00,4.66,-10.9861
2026-02-23 16:00:00+00:00,5.0648,-10.9617
2026-02-23 17:00:00+00:00,5.4285,-10.9251
2026-02-23 18:00:00+00:00,5.734,-10.8766
2026-02-23 19:00:00+00:00,5.9675,-10.8161
2026-02-23 20:00:00+00:00,6.1194,-10.7438
2026-02-23 21:00:00+00:00,6.1843,-10.6598
2026-02-23 22:00:00+00:00,6.1619,-10.5642
2026-02-23 23:00:00+00:00,6.0565,-10.4572
2026-02-24 00:00:00+00:00,5.877,-10.339
2026-02-24 01:00:00+00:00,5.6365,-10.2099
2026-02-24 02:00:00+00:00,5.3514,-10.0699
2026-02-24 03:00:00+00:00,5.0409,-9.9194
2026-02-24 04:00:00+00:00,4.7257,-9.7586
2026-02-24 05:00:00+00:00,4.4274,-9.5878
2026-02-24 06:00:00+00:00,4.1669,-9.4074
2026-02-24 07:00:00+00:00,3.9638,-9.2175
2026-02-24 08:00:00+00:00,3.8351,-9.0186
2026-02-24 09:00:00+00:00,3.7947,-8.811
2026-02-24 10:00:00+00:00,3.8522,-8.595
2026-02-24 11:00:00+00:00,4.013,-8.371
2026-02-24 12:00:00+00:00,4.2774,-8.1395
2026-02-24 13:00:00+00:00,4.6411,-7.9008
2026-02-24 14:00:00+00:00,5.0949,-7.6553
2026-02-24 15:00:00+00:00,5.6257,-7.4034
2026-02-24 16:00:00+00:00,6.2164,-7.1457
2026-02-24 17:00:00+00:00,6.8475,-6.8825
2026-02-24 18:00:00+00:00,7.4975,-6.6143
2026-02-24 19:00:00+00:00,8.1439,-6.3415
2026-02-24 20:00:00+00:00,8.7646,-6.0647
2026-02-24 21:00:00+00:00,9.3389,-5.7843
2026-02-24 22:00:00+00:00,9.8484,-5.5008
2026-02-24 23:00:00+00:00,10.2776,-5.2147
2026-02-25 00:00:00+00:00,10.6153,-4.9265
2026-02-25 01:00:00+00:00,10.8545,-4.6366
2026-02-25 02:00:00+00:00,10.993,-4.3457
2026-02-25 03:00:00+00:00,11.0336,-4.0542
2026-02-25 04:00:00+00:00,10.9835,-3.7626
2026-02-25 05:00:00+00:00,10.8544,-3.4714
2026-02-25 06:00:00+00:00,10.6617,-3.1811
2026-02-25 07:00:00+00:00,10.4237,-2.8922
2026-02-25 08:00:00+00:00,10.1605,-2.6053
2026-02-25 09:00:00+00:00,9.8934,-2.3207
2026-02-25 10:00:00+00:00,9.6436,-2.0391
2026-02-25 11:00:00+00:00,9.431,-1.7609
2026-02-25 12:00:00+00:00,9.2735,-1.4866
2026-02-25 13:00:00+00:00,9.1858,-1.2166
2026-02-25 14:00:00+00:00,9.1789,-0.9515
2026-02-25 15:00:00+00:00,9.2595,-0.6917
2026-02-25 16:00:00+00:00,9.4294,-0.4376
2026-02-25 17:00:00+00:00,9.6857,-0.1897
2026-02-25 18:00:00+00:00,10.0209,0.0516
2026-02-25 19:00:00+00:00,10.423,0.2859
2026-02-25 20:00:00+00:00,10.8763,0.5127
2026-02-25 21:00:00+00:00,11.3623,0.7317
2026-02-25 22:00:00+00:00,11.8601,0.9425
2026-02-25 23:00:00+00:00,12.3479,1.1446
2026-02-26 00:00:00+00:00,12.8039,1.3379
2026-02-26 01:00:00+00:00,13.2074,1.5219
2026-02-26 02:00:00+00:00,13.5397,1.6963
2026-02-26 03:00:00+00:00,13.785,1.8608
2026-02-26 04:00:00+00:00,13.9314,2.0152
2026-02-26 05:00:00+00:00,13.9714,2.1591
2026-02-26 06:00:00+00:00,13.902,2.2923
2026-02-26 07:00:00+00:00,13.7253,2.4146
2026-02-26 08:00:00+00:00,13.4481,2.5258
2026-02-26 09:00:00+00:00,13.0814,2.6256
2026-02-26 10:00:00+00:00,12.6406,2.7139
2026-02-26 11:00:00+00:00,12.1438,2.7906
2026-02-26 12:00:00+00:00,11.6117,2.8555
2026-02-26 13:00:00+00:00,11.066,2.9085
2026-02-26 14:00:00+00:00,10.5287,2.9495
2026-02-26 15:00:00+00:00,10.0212,2.9784
2026-02-26 16:00:00+00:00,9.5625,2.9952
2026-02-26 17:00:00+00:00,9.1694,2.9999
2026-02-26 18:00:00+00:00,8.8545,2.9924
2026-02-26 19:00:00+00:00,8.6266,2.9728
2026-02-26 20:00:00+00:00,8.4896,2.9411
2026-02-26 21:00:00+00:00,8.4428,2.8974
2026-02-26 22:00:00+00:00,8.4806,2.8416
2026-02-26 23:00:00+00:00,8.5929,2.774
2026-02-27 00:00:00+00:00,8.7659,2.6946
2026-02-27 01:00:00+00:00,8.9824,2.6036
2026-02-27 02:00:00+00:00,9.2228,2.5012
2026-02-27 03:00:00+00:00,9.4661,2.3874
2026-02-27 04:00:00+00:00,9.6912,2.2626
2026-02-27 05:00:00+00:00,9.8776,2.1269
2026-02-27 06:00:00+00:00,10.0066,1.9806
2026-02-27 07:00:00+00:00,10.0621,1.8239
2026-02-27 08:00:00+00:00,10.0317,1.657
2026-02-27 09:00:00+00:00,9.9072,1.4804
2026-02-27 10:00:00+00:00,9.685,1.2942
2026-02-27 11:00:00+00:00,9.3661,1.0989
2026-02-27 12:00:00+00:00,8.9566,0.8947
2026-02-27 13:00:00+00:00,8.4669,0.682
2026-02-27 14:00:00+00:00,7.9116,0.4612
2026-02-27 15:00:00+00:00,7.3086,0.2326
2026-02-27 16:00:00+00:00,6.6781,-0.0033
2026-02-27 17:00:00+00:00,6.042,-0.2462
2026-02-27 18:00:00+00:00,5.4228,-0.4955
2026-02-27 19:00:00+00:00,4.8421,-0.751
2026-02-27 20:00:00+00:00,4.3201,-1.0121
2026-02-27 21:00:00+00:00,3.8741,-1.2784
2026-02-27 22:00:00+00:00,3.5183,-1.5494
2026-02-27 23:00:00+00:00,3.2624,-1.8246
2026-02-28 00:00:00+00:00,3.1119,-2.1037
2026-02-28 01:00:00+00:00,3.0673,-2.386
2026-02-28 02:00:00+00:00,3.1241,-2.6711
2026-02-28 03:00:00+00:00,3.2734,-2.9585
2026-02-28 04:00:00+00:00,3.5022,-3.2478
2026-02-28 05:00:00+00:00,3.7939,-3.5383
2026-02-28 06:00:00+00:00,4.1292,-3.8297
2026-02-28 07:00:00+00:00,4.4872,-4.1213
2026-02-28 08:00:00+00:00,4.8464,-4.4128
2026-02-28 09:00:00+00:00,5.1856,-4.7035
2026-02-28 10:00:00+00:00,5.4852,-4.993
2026-02-28 11:00:00+00:00,5.7278,-5.2807
2026-02-28 12:00:00+00:00,5.8995,-5.5663
2026-02-28 13:00:00+00:00,5.9905,-5.8491
2026-02-28 14:00:00+00:00,5.9951,-6.1287
2026-02-28 15:00:00+00:00,5.9128,-6.4047
2026-02-28 16:00:00+00:00,5.7475,-6.6764
2026-02-28 17:00:00+00:00,5.508,-6.9435
2026-02-28 18:00:00+00:00,5.2071,-7.2055
2026-02-28 19:00:00+00:00,4.8612,-7.4619
2026-02-28 20:00:00+00:00,4.4893,-7.7124
2026-02-28 21:00:00+00:00,4.1124,-7.9563
2026-02-28 22:00:00+00:00,3.7519,-8.1935
2026-02-28 23:00:00+00:00,3.4292,-8.4233
2026-03-01 00:00:00+00:00,3.1643,-8.6454
2026-03-01 01:00:00+00:00,2.9745,-8.8595
2026-03-01 02:00:00+00:00,2.8741,-9.0652
2026-03-01 03:00:00+00:00,2.8736,-9.262
2026-03-01 04:00:00+00:00,2.9786,-9.4498
2026-03-01 05:00:00+00:00,3.1903,-9.628
2026-03-01 06:00:00+00:00,3.5048,-9.7965
2026-03-01 07:00:00+00:00,3.9135,-9.955
2026-03-01 08:00:00+00:00,4.4038,-10.1031
2026-03-01 09:00:00+00:00,4.9591,-10.2406
2026-03-01 10:00:00+00:00,5.5601,-10.3672
2026-03-01 11:00:00+00:00,6.1854,-10.4829
2026-03-01 12:00:00+00:00,6.8129,-10.5872
2026-03-01 13:00:00+00:00,7.4203,-10.6802
2026-03-01 14:00:00+00:00,7.9868,-10.7615
2026-03-01 15:00:00+00:00,8.4937,-10.8311
2026-03-01 16:00:00+00:00,8.9253,-10.8888
2026-03-01 17:00:00+00:00,9.27,-10.9346
2026-03-01 18:00:00+00:00,9.5202,-10.9683
2026-03-01 19:00:00+00:00,9.6735,-10.99
2026-03-01 20:00:00+00:00,9.7319,-10.9995
2026-03-01 21:00:00+00:00,9.7024,-10.9969
2026-03-01 22:00:00+00:00,9.5961,-10.9821
2026-03-01 23:00:00+00:00,9.4281,-10.9552
2026-03-02 00:00:00+00:00,9.2164,-10.9162
2026-03-02 01:00:00+00:00,8.9809,-10.8652
2026-03-02 02:00:00+00:00,8.7427,-10.8023
2026-03-02 03:00:00+00:00,8.5231,-10.7276
2026-03-02 04:00:00+00:00,8.342,-10.6413
2026-03-02 05:00:00+00:00,8.2174,-10.5433
2026-03-02 06:00:00+00:00,8.1644,-10.4341
2026-03-02 07:00:00+00:00,8.1941,-10.3136
2026-03-02 08:00:00+00:00,8.3135,-10.1822
2026-03-02 09:00:00+00:00,8.5249,-10.0401
2026-03-02 10:00:00+00:00,8.8256,-9.8875
2026-03-02 11:00:00+00:00,9.2084,-9.7247
2026-03-02 12:00:00+00:00,9.6616,-9.5519
2026-03-02 13:00:00+00:00,10.1698,-9.3695
2026-03-02 14:00:00+00:00,10.7143,-9.1778
2026-03-02 15:00:00+00:00,11.2743,-8.977
2026-03-02 16:00:00+00:00,11.8281,-8.7677
2026-03-02 17:00:00+00:00,12.3535,-8.55
2026-03-02 18:00:00+00:00,12.8294,-8.3245
2026-03-02 19:00:00+00:00,13.2367,-8.0915
2026-03-02 20:00:00+00:00,13.5592,-7.8513
2026-03-02 21:00:00+00:00,13.7843,-7.6045
2026-03-02 22:00:00+00:00,13.904,-7.3514
2026-03-02 23:00:00+00:00,13.9145,-7.0925
