run_date,turbine_id,timestamp,predicted_power_kw,wind_speed_ms,valid,weather_kind,model_id,demo,actual_power_kw
2026-01-31,T2,2026-01-31 00:00:00+00:00,714.1716931478037,8.0,True,synthetic,synthetic-random-forest-v1,True,
2026-01-31,T2,2026-01-31 01:00:00+00:00,910.2714946893044,8.6512,True,synthetic,synthetic-random-forest-v1,True,
2026-01-31,T2,2026-01-31 02:00:00+00:00,1133.336412109192,9.2802,True,synthetic,synthetic-random-forest-v1,True,
2026-01-31,T2,2026-01-31 03:00:00+00:00,1376.4237731939168,9.8657,True,synthetic,synthetic-random-forest-v1,True,
2026-01-31,T2,2026-01-31 04:00:00+00:00,1603.0022694283646,10.3886,True,synthetic,synthetic-random-forest-v1,True,
2026-01-31,T2,2026-01-31 05:00:00+00:00,1833.9732659257395,10.8329,True,synthetic,synthetic-random-forest-v1,True,
2026-01-31,T2,2026-01-31 06:00:00+00:00,2017.1440039650752,11.1861,True,synthetic,synthetic-random-forest-v1,True,
2026-01-31,T2,2026-01-31 07:00:00+00:00,2153.544580137479,11.4403,True,synthetic,synthetic-random-forest-v1,True,
2026-01-31,T2,2026-01-31 08:00:00+00:00,2244.140835624887,11.5922,True,synthetic,synthetic-random-forest-v1,True,
2026-01-31,T2,2026-01-31 09:00:00+00:00,2285.670488952048,11.6433,True,synthetic,synthetic-random-forest-v1,True,
2026-01-31,T2,2026-01-31 10:00:00+00:00,2247.9067290748826,11.5998,True,synthetic,synthetic-random-forest-v1,True,
2026-01-31,T2,2026-01-31 11:00:00+00:00,2183.61612574088,11.4726,True,synthetic,synthetic-random-forest-v1,True,
2026-01-31,T2,2026-01-31 12:00:00+00:00,2063.374275865883,11.2762,True,synthetic,synthetic-random-forest-v1,True,
2026-01-31,T2,2026-01-31 13:00:00+00:00,1935.928054010791,11.0283,True,synthetic,synthetic-random-forest-v1,True,
2026-01-31,T2,2026-01-31 14:00:00+00:00,1788.5163077443065,10.7488,True,synthetic,synthetic-random-forest-v1,True,
2026-01-31,T2,2026-01-31 15:00:00+00:00,1641.672586823872,10.4588,True,synthetic,synthetic-random-forest-v1,True,
2026-01-31,T2,2026-01-31 16:00:00+00:00,1503.4495961337868,10.1797,True,synthetic,synthetic-random-forest-v1,True,
2026-01-31,T2,2026-01-31 17:00:00+00:00,1403.113219577187,9.9319,True,synthetic,synthetic-random-forest-v1,True,
2026-01-31,T2,2026-01-31 18:00:00+00:00,1318.2383174833865,9.7339,True,synthetic,synthetic-random-forest-v1,True,
2026-01-31,T2,2026-01-31 19:00:00+00:00,1254.830250917909,9.6014,True,synthetic,synthetic-random-forest-v1,True,
2026-01-31,T2,2026-01-31 20:00:00+00:00,1241.4437523294196,9.5463,True,synthetic,synthetic-random-forest-v1,True,
2026-01-31,T2,2026-01-31 21:00:00+00:00,1250.9737447508921,9.5764,True,synthetic,synthetic-random-forest-v1,True,
2026-01-31,T2,2026-01-31 22:00:00+00:00,1308.3666216702716,9.6949,True,synthetic,synthetic-random-forest-v1,True,
2026-01-31,T2,2026-01-31 23:00:00+00:00,1389.0742765800214,9.9001,True,synthetic,synthetic-random-forest-v1,True,
2026-02-01,T2,2026-02-01 00:00:00+00:00,1506.2956184667157,10.1855,True,synthetic,synthetic-random-forest-v1,True,
2026-02-01,T2,2026-02-01 01:00:00+00:00,1684.26787973921,10.5404,True,synthetic,synthetic-random-forest-v1,True,
2026-02-01,T2,2026-02-01 02:00:00+00:00,1894.1234808166353,10.95,True,synthetic,synthetic-random-forest-v1,True,
2026-02-01,T2,2026-02-01 03:00:00+00:00,2139.0824328967788,11.3964,True,synthetic,synthetic-random-forest-v1,True,
2026-02-01,T2,2026-02-01 04:00:00+00:00,2414.8930398479697,11.8593,True,synthetic,synthetic-random-forest-v1,True,
2026-02-01,T2,2026-02-01 05:00:00+00:00,2500.0,12.3172,True,synthetic,synthetic-random-forest-v1,True,
2026-02-01,T2,2026-02-01 06:00:00+00:00,2500.0,12.7482,True,synthetic,synthetic-random-forest-v1,True,
2026-02-01,T2,2026-02-01 07:00:00+00:00,2500.0,13.1313,True,synthetic,synthetic-random-forest-v1,True,
2026-02-01,T2,2026-02-01 08:00:00+00:00,2500.0,13.4474,True,synthetic,synthetic-random-forest-v1,True,
2026-02-01,T2,2026-02-01 09:00:00+00:00,2500.0,13.68,True,synthetic,synthetic-random-forest-v1,True,
2026-02-01,T2,2026-02-01 10:00:00+00:00,2500.0,13.8163,True,synthetic,synthetic-random-forest-v1,True,
2026-02-01,T2,2026-02-01 11:00:00+00:00,2500.0,13.8479,True,synthetic,synthetic-random-forest-v1,True,
2026-02-01,T2,2026-02-01 12:00:00+00:00,2500.0,13.7707,True,synthetic,synthetic-random-forest-v1,True,
2026-02-01,T2,2026-02-01 13:00:00+00:00,2500.0,13.5856,True,synthetic,synthetic-random-forest-v1,True,
2026-02-01,T2,2026-02-01 14:00:00+00:00,2500.0,13.2986,True,synthetic,synthetic-random-forest-v1,True,
2026-02-01,T2,2026-02-01 15:00:00+00:00,2500.0,12.9197,True,synthetic,synthetic-random-forest-v1,True,
2026-02-01,T2,2026-02-01 16:00:00+00:00,2500.0,12.4634,True,synthetic,synthetic-random-forest-v1,True,
2026-02-01,T2,2026-02-01 17:00:00+00:00,2467.630601269088,11.9473,True,synthetic,synthetic-random-forest-v1,True,
2026-02-01,T2,2026-02-01 18:00:00+00:00,2137.4676517812936,11.3917,True,synthetic,synthetic-random-forest-v1,True,
2026-02-01,T2,2026-02-01 19:00:00+00:00,1807.7671587889254,10.8182,True,synthetic,synthetic-random-forest-v1,True,
2026-02-01,T2,2026-02-01 20:00:00+00:00,1542.5857362098195,10.2489,True,synthetic,synthetic-random-forest-v1,True,
2026-02-01,T2,2026-02-01 21:00:00+00:00,1311.4733721437053,9.7056,True,synthetic,synthetic-random-forest-v1,True,
2026-02-01,T2,2026-02-01 22:00:00+00:00,1115.4875055637353,9.208,True,synthetic,synthetic-random-forest-v1,True,
2026-02-01,T2,2026-02-01 23:00:00+00:00,947.829072594076,8.7735,True,synthetic,synthetic-random-forest-v1,True,
2026-02-02,T2,2026-02-02 00:00:00+00:00,842.2482580169253,8.4159,True,synthetic,synthetic-random-forest-v1,True,
2026-02-02,T2,2026-02-02 01:00:00+00:00,748.202958602007,8.1451,True,synthetic,synthetic-random-forest-v1,True,
2026-02-02,T2,2026-02-02 02:00:00+00:00,705.3405627367518,7.9661,True,synthetic,synthetic-random-forest-v1,True,
2026-02-02,T2,2026-02-02 03:00:00+00:00,680.8885407464594,7.8794,True,synthetic,synthetic-random-forest-v1,True,
2026-02-02,T2,2026-02-02 04:00:00+00:00,680.8885407464594,7.8806,True,synthetic,synthetic-random-forest-v1,True,
2026-02-02,T2,2026-02-02 05:00:00+00:00,705.3405627367518,7.9608,True,synthetic,synthetic-random-forest-v1,True,
2026-02-02,T2,2026-02-02 06:00:00+00:00,741.1299630902095,8.107,True,synthetic,synthetic-random-forest-v1,True,
2026-02-02,T2,2026-02-02 07:00:00+00:00,801.7082979924621,8.3026,True,synthetic,synthetic-random-forest-v1,True,
2026-02-02,T2,2026-02-02 08:00:00+00:00,872.9717490867735,8.5288,True,synthetic,synthetic-random-forest-v1,True,
2026-02-02,T2,2026-02-02 09:00:00+00:00,947.829072594076,8.7647,True,synthetic,synthetic-random-forest-v1,True,
2026-02-02,T2,2026-02-02 10:00:00+00:00,1021.3794340121877,8.9893,True,synthetic,synthetic-random-forest-v1,True,
2026-02-02,T2,2026-02-02 11:00:00+00:00,1094.190111138199,9.1817,True,synthetic,synthetic-random-forest-v1,True,
2026-02-02,T2,2026-02-02 12:00:00+00:00,1144.9642829835689,9.3227,True,synthetic,synthetic-random-forest-v1,True,
2026-02-02,T2,2026-02-02 13:00:00+00:00,1178.9272483709674,9.3956,True,synthetic,synthetic-random-forest-v1,True,
2026-02-02,T2,2026-02-02 14:00:00+00:00,1178.3314218141395,9.3872,True,synthetic,synthetic-random-forest-v1,True,
2026-02-02,T2,2026-02-02 15:00:00+00:00,1139.554464144995,9.2879,True,synthetic,synthetic-random-forest-v1,True,
2026-02-02,T2,2026-02-02 16:00:00+00:00,1067.9306836207911,9.0932,True,synthetic,synthetic-random-forest-v1,True,
2026-02-02,T2,2026-02-02 17:00:00+00:00,967.1749722181859,8.803,True,synthetic,synthetic-random-forest-v1,True,
2026-02-02,T2,2026-02-02 18:00:00+00:00,842.2482580169253,8.422,True,synthetic,synthetic-random-forest-v1,True,
2026-02-02,T2,2026-02-02 19:00:00+00:00,705.3405627367518,7.9598,True,synthetic,synthetic-random-forest-v1,True,
2026-02-02,T2,2026-02-02 20:00:00+00:00,560.8676827881906,7.4299,True,synthetic,synthetic-random-forest-v1,True,
2026-02-02,T2,2026-02-02 21:00:00+00:00,432.49835532957627,6.8494,True,synthetic,synthetic-random-forest-v1,True,
2026-02-02,T2,2026-02-02 22:00:00+00:00,315.0337611077999,6.2381,True,synthetic,synthetic-random-forest-v1,True,
2026-02-02,T2,2026-02-02 23:00:00+00:00,223.82384427159334,5.6176,True,synthetic,synthetic-random-forest-v1,True,
2026-02-03,T2,2026-02-03 00:00:00+00:00,144.85590974588698,5.0102,True,synthetic,synthetic-random-forest-v1,True,
2026-02-03,T2,2026-02-03 01:00:00+00:00,88.87993608017358,4.4378,True,synthetic,synthetic-random-forest-v1,True,
2026-02-03,T2,2026-02-03 02:00:00+00:00,50.01073767038205,3.9209,True,synthetic,synthetic-random-forest-v1,True,
2026-02-03,T2,2026-02-03 03:00:00+00:00,22.194536185613373,3.4776,True,synthetic,synthetic-random-forest-v1,True,
2026-02-03,T2,2026-02-03 04:00:00+00:00,4.842678429598947,3.1229,True,synthetic,synthetic-random-forest-v1,True,
2026-02-03,T2,2026-02-03 05:00:00+00:00,0.0,2.8675,True,synthetic,synthetic-random-forest-v1,True,
2026-02-03,T2,2026-02-03 06:00:00+00:00,0.0,2.7178,True,synthetic,synthetic-random-forest-v1,True,
2026-02-03,T2,2026-02-03 07:00:00+00:00,0.0,2.6755,True,synthetic,synthetic-random-forest-v1,True,
2026-02-03,T2,2026-02-03 08:00:00+00:00,0.0,2.7371,True,synthetic,synthetic-random-forest-v1,True,
2026-02-03,T2,2026-02-03 09:00:00+00:00,0.0,2.8949,True,synthetic,synthetic-random-forest-v1,True,
2026-02-03,T2,2026-02-03 10:00:00+00:00,5.149044638905518,3.1365,True,synthetic,synthetic-random-forest-v1,True,
2026-02-03,T2,2026-02-03 11:00:00+00:00,21.544671127575622,3.4461,True,synthetic,synthetic-random-forest-v1,True,
2026-02-03,T2,2026-02-03 12:00:00+00:00,41.6393273882559,3.8048,True,synthetic,synthetic-random-forest-v1,True,
2026-02-03,T2,2026-02-03 13:00:00+00:00,67.72380771082936,4.1921,True,synthetic,synthetic-random-forest-v1,True,
2026-02-03,T2,2026-02-03 14:00:00+00:00,102.63308997052131,4.5862,True,synthetic,synthetic-random-forest-v1,True,
2026-02-03,T2,2026-02-03 15:00:00+00:00,141.29097472007578,4.9658,True,synthetic,synthetic-random-forest-v1,True,
2026-02-03,T2,2026-02-03 16:00:00+00:00,180.5014041575249,5.3106,True,synthetic,synthetic-random-forest-v1,True,
2026-02-03,T2,2026-02-03 17:00:00+00:00,217.00785394951333,5.6027,True,synthetic,synthetic-random-forest-v1,True,
2026-02-03,T2,2026-02-03 18:00:00+00:00,250.72425260725467,5.8271,True,synthetic,synthetic-random-forest-v1,True,
2026-02-03,T2,2026-02-03 19:00:00+00:00,276.02940210295515,5.9728,True,synthetic,synthetic-random-forest-v1,True,
2026-02-03,T2,2026-02-03 20:00:00+00:00,283.29361133638764,6.033,True,synthetic,synthetic-random-forest-v1,True,
2026-02-03,T2,2026-02-03 21:00:00+00:00,283.0736502291461,6.006,True,synthetic,synthetic-random-forest-v1,True,
2026-02-03,T2,2026-02-03 22:00:00+00:00,259.0605234178549,5.8944,True,synthetic,synthetic-random-forest-v1,True,
2026-02-03,T2,2026-02-03 23:00:00+00:00,232.32263063840188,5.7058,True,synthetic,synthetic-random-forest-v1,True,
2026-02-04,T2,2026-02-04 00:00:00+00:00,197.228619841366,5.4521,True,synthetic,synthetic-random-forest-v1,True,
2026-02-04,T2,2026-02-04 01:00:00+00:00,159.22329582206393,5.1486,True,synthetic,synthetic-random-forest-v1,True,
2026-02-04,T2,2026-02-04 02:00:00+00:00,124.32373908320767,4.8139,True,synthetic,synthetic-random-forest-v1,True,
2026-02-04,T2,2026-02-04 03:00:00+00:00,92.14288407831516,4.4684,True,synthetic,synthetic-random-forest-v1,True,
2026-02-04,T2,2026-02-04 04:00:00+00:00,64.39338354697325,4.1335,True,synthetic,synthetic-random-forest-v1,True,
2026-02-04,T2,2026-02-04 05:00:00+00:00,43.28633391049616,3.8305,True,synthetic,synthetic-random-forest-v1,True,
2026-02-04,T2,2026-02-04 06:00:00+00:00,27.582421888700946,3.5797,True,synthetic,synthetic-random-forest-v1,True,
2026-02-04,T2,2026-02-04 07:00:00+00:00,18.65770896493317,3.3992,True,synthetic,synthetic-random-forest-v1,True,
2026-02-04,T2,2026-02-04 08:00:00+00:00,12.976972275423021,3.3041,True,synthetic,synthetic-random-forest-v1,True,
2026-02-04,T2,2026-02-04 09:00:00+00:00,12.976972275423021,3.3054,True,synthetic,synthetic-random-forest-v1,True,
2026-02-04,T2,2026-02-04 10:00:00+00:00,18.65770896493317,3.4102,True,synthetic,synthetic-random-forest-v1,True,
2026-02-04,T2,2026-02-04 11:00:00+00:00,29.512431598792514,3.6205,True,synthetic,synthetic-random-forest-v1,True,
2026-02-04,T2,2026-02-04 12:00:00+00:00,50.731528407718876,3.9337,True,synthetic,synthetic-random-forest-v1,True,
2026-02-04,T2,2026-02-04 13:00:00+00:00,80.4525173117077,4.3421,True,synthetic,synthetic-random-forest-v1,True,
2026-02-04,T2,2026-02-04 14:00:00+00:00,126.68917569778792,4.834,True,synthetic,synthetic-random-forest-v1,True,
2026-02-04,T2,2026-02-04 15:00:00+00:00,191.62226876199637,5.3936,True,synthetic,synthetic-random-forest-v1,True,
2026-02-04,T2,2026-02-04 16:00:00+00:00,282.61450781183686,6.0021,True,synthetic,synthetic-random-forest-v1,True,
2026-02-04,T2,2026-02-04 17:00:00+00:00,393.5812639284033,6.6386,True,synthetic,synthetic-random-forest-v1,True,
2026-02-04,T2,2026-02-04 18:00:00+00:00,526.7245288303326,7.2808,True,synthetic,synthetic-random-forest-v1,True,
2026-02-04,T2,2026-02-04 19:00:00+00:00,687.2675493532503,7.9066,True,synthetic,synthetic-random-forest-v1,True,
2026-02-04,T2,2026-02-04 20:00:00+00:00,860.8266928229308,8.4945,True,synthetic,synthetic-random-forest-v1,True,
2026-02-04,T2,2026-02-04 21:00:00+00:00,1046.407825022122,9.0253,True,synthetic,synthetic-random-forest-v1,True,
2026-02-04,T2,2026-02-04 22:00:00+00:00,1215.1674288216334,9.4824,True,synthetic,synthetic-random-forest-v1,True,
2026-02-04,T2,2026-02-04 23:00:00+00:00,1362.2433201107917,9.8531,True,synthetic,synthetic-random-forest-v1,True,
2026-02-05,T2,2026-02-05 00:00:00+00:00,1494.0896690924658,10.129,True,synthetic,synthetic-random-forest-v1,True,
2026-02-05,T2,2026-02-05 01:00:00+00:00,1568.9142845696642,10.3063,True,synthetic,synthetic-random-forest-v1,True,
2026-02-05,T2,2026-02-05 02:00:00+00:00,1603.0022694283646,10.3859,True,synthetic,synthetic-random-forest-v1,True,
2026-02-05,T2,2026-02-05 03:00:00+00:00,1603.0022694283646,10.3737,True,synthetic,synthetic-random-forest-v1,True,
2026-02-05,T2,2026-02-05 04:00:00+00:00,1555.4236710825498,10.2799,True,synthetic,synthetic-random-forest-v1,True,
2026-02-05,T2,2026-02-05 05:00:00+00:00,1485.493046502951,10.1187,True,synthetic,synthetic-random-forest-v1,True,
2026-02-05,T2,2026-02-05 06:00:00+00:00,1394.0602985440216,9.9074,True,synthetic,synthetic-random-forest-v1,True,
2026-02-05,T2,2026-02-05 07:00:00+00:00,1286.9865496958125,9.6656,True,synthetic,synthetic-random-forest-v1,True,
2026-02-05,T2,2026-02-05 08:00:00+00:00,1184.7305489443831,9.4144,True,synthetic,synthetic-random-forest-v1,True,
2026-02-05,T2,2026-02-05 09:00:00+00:00,1091.7085760490693,9.175,True,synthetic,synthetic-random-forest-v1,True,
2026-02-05,T2,2026-02-05 10:00:00+00:00,1021.3794340121877,8.9679,True,synthetic,synthetic-random-forest-v1,True,
2026-02-05,T2,2026-02-05 11:00:00+00:00,965.8142788947206,8.8116,True,synthetic,synthetic-random-forest-v1,True,
2026-02-05,T2,2026-02-05 12:00:00+00:00,934.5254363519333,8.7219,True,synthetic,synthetic-random-forest-v1,True,
2026-02-05,T2,2026-02-05 13:00:00+00:00,933.2336354902417,8.7112,True,synthetic,synthetic-random-forest-v1,True,
2026-02-05,T2,2026-02-05 14:00:00+00:00,956.823587819551,8.7875,True,synthetic,synthetic-random-forest-v1,True,
2026-02-05,T2,2026-02-05 15:00:00+00:00,1017.8429960553616,8.9542,True,synthetic,synthetic-random-forest-v1,True,
2026-02-05,T2,2026-02-05 16:00:00+00:00,1115.4875055637353,9.21,True,synthetic,synthetic-random-forest-v1,True,
2026-02-05,T2,2026-02-05 17:00:00+00:00,1248.050520862698,9.5487,True,synthetic,synthetic-random-forest-v1,True,
2026-02-05,T2,2026-02-05 18:00:00+00:00,1403.113219577187,9.9597,True,synthetic,synthetic-random-forest-v1,True,
2026-02-05,T2,2026-02-05 19:00:00+00:00,1631.709387974629,10.4286,True,synthetic,synthetic-random-forest-v1,True,
2026-02-05,T2,2026-02-05 20:00:00+00:00,1891.1129491621266,10.9374,True,synthetic,synthetic-random-forest-v1,True,
2026-02-05,T2,2026-02-05 21:00:00+00:00,2179.8131761642185,11.466,True,synthetic,synthetic-random-forest-v1,True,
2026-02-05,T2,2026-02-05 22:00:00+00:00,2494.4762922291025,11.9926,True,synthetic,synthetic-random-forest-v1,True,
2026-02-05,T2,2026-02-05 23:00:00+00:00,2500.0,12.4952,True,synthetic,synthetic-random-forest-v1,True,
2026-02-06,T2,2026-02-06 00:00:00+00:00,2500.0,12.9525,True,synthetic,synthetic-random-forest-v1,True,
2026-02-06,T2,2026-02-06 01:00:00+00:00,2500.0,13.3449,True,synthetic,synthetic-random-forest-v1,True,
2026-02-06,T2,2026-02-06 02:00:00+00:00,2500.0,13.6556,True,synthetic,synthetic-random-forest-v1,True,
2026-02-06,T2,2026-02-06 03:00:00+00:00,2500.0,13.871,True,synthetic,synthetic-random-forest-v1,True,
2026-02-06,T2,2026-02-06 04:00:00+00:00,2500.0,13.9821,True,synthetic,synthetic-random-forest-v1,True,
2026-02-06,T2,2026-02-06 05:00:00+00:00,2500.0,13.9843,True,synthetic,synthetic-random-forest-v1,True,
2026-02-06,T2,2026-02-06 06:00:00+00:00,2500.0,13.8777,True,synthetic,synthetic-random-forest-v1,True,
2026-02-06,T2,2026-02-06 07:00:00+00:00,2500.0,13.6676,True,synthetic,synthetic-random-forest-v1,True,
2026-02-06,T2,2026-02-06 08:00:00+00:00,2500.0,13.3636,True,synthetic,synthetic-random-forest-v1,True,
2026-02-06,T2,2026-02-06 09:00:00+00:00,2500.0,12.9795,True,synthetic,synthetic-random-forest-v1,True,
2026-02-06,T2,2026-02-06 10:00:00+00:00,2500.0,12.5325,True,synthetic,synthetic-random-forest-v1,True,
2026-02-06,T2,2026-02-06 11:00:00+00:00,2500.0,12.0424,True,synthetic,synthetic-random-forest-v1,True,
2026-02-06,T2,2026-02-06 12:00:00+00:00,2217.0263254811052,11.5306,True,synthetic,synthetic-random-forest-v1,True,
2026-02-06,T2,2026-02-06 13:00:00+00:00,1930.3515780532282,11.0191,True,synthetic,synthetic-random-forest-v1,True,
2026-02-06,T2,2026-02-06 14:00:00+00:00,1678.8004063815463,10.5295,True,synthetic,synthetic-random-forest-v1,True,
2026-02-06,T2,2026-02-06 15:00:00+00:00,1462.213786573343,10.0817,True,synthetic,synthetic-random-forest-v1,True,
2026-02-06,T2,2026-02-06 16:00:00+00:00,1297.1800877731625,9.6931,True,synthetic,synthetic-random-forest-v1,True,
2026-02-06,T2,2026-02-06 17:00:00+00:00,1178.3314218141395,9.3778,True,synthetic,synthetic-random-forest-v1,True,
2026-02-06,T2,2026-02-06 18:00:00+00:00,1088.2365615002602,9.1459,True,synthetic,synthetic-random-forest-v1,True,
2026-02-06,T2,2026-02-06 19:00:00+00:00,1030.2527959080255,9.0029,True,synthetic,synthetic-random-forest-v1,True,
2026-02-06,T2,2026-02-06 20:00:00+00:00,1017.0430699433573,8.9495,True,synthetic,synthetic-random-forest-v1,True,
2026-02-06,T2,2026-02-06 21:00:00+00:00,1021.3794340121877,8.9817,True,synthetic,synthetic-random-forest-v1,True,
2026-02-06,T2,2026-02-06 22:00:00+00:00,1066.0851995257,9.0909,True,synthetic,synthetic-random-forest-v1,True,
2026-02-06,T2,2026-02-06 23:00:00+00:00,1131.6137944031173,9.2643,True,synthetic,synthetic-random-forest-v1,True,
2026-02-07,T2,2026-02-07 00:00:00+00:00,1215.1674288216334,9.4857,True,synthetic,synthetic-random-forest-v1,True,
2026-02-07,T2,2026-02-07 01:00:00+00:00,1318.2383174833865,9.7361,True,synthetic,synthetic-random-forest-v1,True,
2026-02-07,T2,2026-02-07 02:00:00+00:00,1426.0209763761413,9.9951,True,synthetic,synthetic-random-forest-v1,True,
2026-02-07,T2,2026-02-07 03:00:00+00:00,1542.5857362098195,10.2412,True,synthetic,synthetic-random-forest-v1,True,
2026-02-07,T2,2026-02-07 04:00:00+00:00,1637.4800089773225,10.4536,True,synthetic,synthetic-random-forest-v1,True,
2026-02-07,T2,2026-02-07 05:00:00+00:00,1714.0338760343118,10.6129,True,synthetic,synthetic-random-forest-v1,True,
2026-02-07,T2,2026-02-07 06:00:00+00:00,1751.808619472571,10.7019,True,synthetic,synthetic-random-forest-v1,True,
2026-02-07,T2,2026-02-07 07:00:00+00:00,1758.6541470023915,10.707,True,synthetic,synthetic-random-forest-v1,True,
2026-02-07,T2,2026-02-07 08:00:00+00:00,1714.0338760343118,10.6185,True,synthetic,synthetic-random-forest-v1,True,
2026-02-07,T2,2026-02-07 09:00:00+00:00,1631.709387974629,10.4311,True,synthetic,synthetic-random-forest-v1,True,
2026-02-07,T2,2026-02-07 10:00:00+00:00,1496.5232686137351,10.1443,True,synthetic,synthetic-random-forest-v1,True,
2026-02-07,T2,2026-02-07 11:00:00+00:00,1323.6721288665578,9.7625,True,synthetic,synthetic-random-forest-v1,True,
2026-02-07,T2,2026-02-07 12:00:00+00:00,1141.8761892345995,9.2947,True,synthetic,synthetic-random-forest-v1,True,
2026-02-07,T2,2026-02-07 13:00:00+00:00,947.829072594076,8.7541,True,synthetic,synthetic-random-forest-v1,True,
2026-02-07,T2,2026-02-07 14:00:00+00:00,763.2615844951259,8.1577,True,synthetic,synthetic-random-forest-v1,True,
2026-02-07,T2,2026-02-07 15:00:00+00:00,585.1466501772085,7.525,True,synthetic,synthetic-random-forest-v1,True,
2026-02-07,T2,2026-02-07 16:00:00+00:00,437.7511529221506,6.8775,True,synthetic,synthetic-random-forest-v1,True,
2026-02-07,T2,2026-02-07 17:00:00+00:00,315.0337611077999,6.2377,True,synthetic,synthetic-random-forest-v1,True,
2026-02-07,T2,2026-02-07 18:00:00+00:00,223.82384427159334,5.6275,True,synthetic,synthetic-random-forest-v1,True,
2026-02-07,T2,2026-02-07 19:00:00+00:00,149.61333606456648,5.0677,True,synthetic,synthetic-random-forest-v1,True,
2026-02-07,T2,2026-02-07 20:00:00+00:00,101.6696648225463,4.5769,True,synthetic,synthetic-random-forest-v1,True,
2026-02-07,T2,2026-02-07 21:00:00+00:00,65.8841439822056,4.1705,True,synthetic,synthetic-random-forest-v1,True,
2026-02-07,T2,2026-02-07 22:00:00+00:00,44.67200953664084,3.8596,True,synthetic,synthetic-random-forest-v1,True,
2026-02-07,T2,2026-02-07 23:00:00+00:00,32.9317388132928,3.6514,True,synthetic,synthetic-random-forest-v1,True,
2026-02-08,T2,2026-02-08 00:00:00+00:00,26.13884468877399,3.5481,True,synthetic,synthetic-random-forest-v1,True,
2026-02-08,T2,2026-02-08 01:00:00+00:00,26.13884468877399,3.5468,True,synthetic,synthetic-random-forest-v1,True,
2026-02-08,T2,2026-02-08 02:00:00+00:00,31.329200932230886,3.6404,True,synthetic,synthetic-random-forest-v1,True,
2026-02-08,T2,2026-02-08 03:00:00+00:00,42.071109243738256,3.817,True,synthetic,synthetic-random-forest-v1,True,
2026-02-08,T2,2026-02-08 04:00:00+00:00,58.90719894290306,4.0614,True,synthetic,synthetic-random-forest-v1,True,
2026-02-08,T2,2026-02-08 05:00:00+00:00,81.73218213215004,4.355,True,synthetic,synthetic-random-forest-v1,True,
2026-02-08,T2,2026-02-08 06:00:00+00:00,110.64903193176873,4.6776,True,synthetic,synthetic-random-forest-v1,True,
2026-02-08,T2,2026-02-08 07:00:00+00:00,144.85590974588698,5.0077,True,synthetic,synthetic-random-forest-v1,True,
2026-02-08,T2,2026-02-08 08:00:00+00:00,182.6582838536881,5.3241,True,synthetic,synthetic-random-forest-v1,True,
2026-02-08,T2,2026-02-08 09:00:00+00:00,221.85012437794038,5.6065,True,synthetic,synthetic-random-forest-v1,True,
2026-02-08,T2,2026-02-08 10:00:00+00:00,253.7136094479631,5.8369,True,synthetic,synthetic-random-forest-v1,True,
2026-02-08,T2,2026-02-08 11:00:00+00:00,281.57786516491916,6.0001,True,synthetic,synthetic-random-forest-v1,True,
2026-02-08,T2,2026-02-08 12:00:00+00:00,293.56420011575483,6.085,True,synthetic,synthetic-random-forest-v1,True,
2026-02-08,T2,2026-02-08 13:00:00+00:00,293.56420011575483,6.0846,True,synthetic,synthetic-random-forest-v1,True,
2026-02-08,T2,2026-02-08 14:00:00+00:00,281.57786516491916,5.9967,True,synthetic,synthetic-random-forest-v1,True,
2026-02-08,T2,2026-02-08 15:00:00+00:00,248.23243154377096,5.8239,True,synthetic,synthetic-random-forest-v1,True,
2026-02-08,T2,2026-02-08 16:00:00+00:00,213.0257470647188,5.5734,True,synthetic,synthetic-random-forest-v1,True,
2026-02-08,T2,2026-02-08 17:00:00+00:00,173.95165125847873,5.2568,True,synthetic,synthetic-random-forest-v1,True,
2026-02-08,T2,2026-02-08 18:00:00+00:00,131.96126297337932,4.8894,True,synthetic,synthetic-random-forest-v1,True,
2026-02-08,T2,2026-02-08 19:00:00+00:00,93.0904333488016,4.4897,True,synthetic,synthetic-random-forest-v1,True,
2026-02-08,T2,2026-02-08 20:00:00+00:00,59.565271699040345,4.0781,True,synthetic,synthetic-random-forest-v1,True,
2026-02-08,T2,2026-02-08 21:00:00+00:00,33.95660046238149,3.6762,True,synthetic,synthetic-random-forest-v1,True,
2026-02-08,T2,2026-02-08 22:00:00+00:00,13.171272381648995,3.3056,True,synthetic,synthetic-random-forest-v1,True,
2026-02-08,T2,2026-02-08 23:00:00+00:00,0.09825824273171681,2.9868,True,synthetic,synthetic-random-forest-v1,True,
2026-02-09,T2,2026-02-09 00:00:00+00:00,0.0,2.7383,True,synthetic,synthetic-random-forest-v1,True,
2026-02-09,T2,2026-02-09 01:00:00+00:00,0.0,2.5757,True,synthetic,synthetic-random-forest-v1,True,
2026-02-09,T2,2026-02-09 02:00:00+00:00,0.0,2.5108,True,synthetic,synthetic-random-forest-v1,True,
2026-02-09,T2,2026-02-09 03:00:00+00:00,0.0,2.5511,True,synthetic,synthetic-random-forest-v1,True,
2026-02-09,T2,2026-02-09 04:00:00+00:00,0.0,2.6992,True,synthetic,synthetic-random-forest-v1,True,
2026-02-09,T2,2026-02-09 05:00:00+00:00,0.0,2.953,True,synthetic,synthetic-random-forest-v1,True,
2026-02-09,T2,2026-02-09 06:00:00+00:00,13.171272381648995,3.3057,True,synthetic,synthetic-random-forest-v1,True,
2026-02-09,T2,2026-02-09 07:00:00+00:00,37.77919800628416,3.746,True,synthetic,synthetic-random-forest-v1,True,
2026-02-09,T2,2026-02-09 08:00:00+00:00,74.22664141543255,4.2585,True,synthetic,synthetic-random-forest-v1,True,
2026-02-09,T2,2026-02-09 09:00:00+00:00,124.62582703380762,4.8249,True,synthetic,synthetic-random-forest-v1,True,
2026-02-09,T2,2026-02-09 10:00:00+00:00,195.54996314414643,5.4244,True,synthetic,synthetic-random-forest-v1,True,
2026-02-09,T2,2026-02-09 11:00:00+00:00,283.29361133638764,6.0351,True,synthetic,synthetic-random-forest-v1,True,
2026-02-09,T2,2026-02-09 12:00:00+00:00,393.5812639284033,6.6347,True,synthetic,synthetic-random-forest-v1,True,
2026-02-09,T2,2026-02-09 13:00:00+00:00,514.0615806460697,7.2019,True,synthetic,synthetic-random-forest-v1,True,
2026-02-09,T2,2026-02-09 14:00:00+00:00,635.5587110093073,7.717,True,synthetic,synthetic-random-forest-v1,True,
2026-02-09,T2,2026-02-09 15:00:00+00:00,763.2615844951259,8.1635,True,synthetic,synthetic-random-forest-v1,True,
2026-02-09,T2,2026-02-09 16:00:00+00:00,872.9717490867735,8.5282,True,synthetic,synthetic-random-forest-v1,True,
2026-02-09,T2,2026-02-09 17:00:00+00:00,965.8142788947206,8.8022,True,synthetic,synthetic-random-forest-v1,True,
2026-02-09,T2,2026-02-09 18:00:00+00:00,1021.3794340121877,8.9814,True,synthetic,synthetic-random-forest-v1,True,
2026-02-09,T2,2026-02-09 19:00:00+00:00,1052.3083009987315,9.0663,True,synthetic,synthetic-random-forest-v1,True,
2026-02-09,T2,2026-02-09 20:00:00+00:00,1052.3083009987315,9.0622,True,synthetic,synthetic-random-forest-v1,True,
2026-02-09,T2,2026-02-09 21:00:00+00:00,1021.3794340121877,8.979,True,synthetic,synthetic-random-forest-v1,True,
2026-02-09,T2,2026-02-09 22:00:00+00:00,969.6106137683933,8.8304,True,synthetic,synthetic-random-forest-v1,True,
2026-02-09,T2,2026-02-09 23:00:00+00:00,909.2366344806829,8.6336,True,synthetic,synthetic-random-forest-v1,True,
2026-02-10,T2,2026-02-10 00:00:00+00:00,828.4439344892736,8.408,True,synthetic,synthetic-random-forest-v1,True,
2026-02-10,T2,2026-02-10 01:00:00+00:00,766.8174446920831,8.1744,True,synthetic,synthetic-random-forest-v1,True,
2026-02-10,T2,2026-02-10 02:00:00+00:00,705.3405627367518,7.954,True,synthetic,synthetic-random-forest-v1,True,
2026-02-10,T2,2026-02-10 03:00:00+00:00,646.9379219402045,7.7674,True,synthetic,synthetic-random-forest-v1,True,
2026-02-10,T2,2026-02-10 04:00:00+00:00,610.6473688833952,7.6334,True,synthetic,synthetic-random-forest-v1,True,
2026-02-10,T2,2026-02-10 05:00:00+00:00,593.5274716474232,7.5678,True,synthetic,synthetic-random-forest-v1,True,
2026-02-10,T2,2026-02-10 06:00:00+00:00,606.9289450344427,7.5835,True,synthetic,synthetic-random-forest-v1,True,
2026-02-10,T2,2026-02-10 07:00:00+00:00,626.3738906700842,7.6886,True,synthetic,synthetic-random-forest-v1,True,
2026-02-10,T2,2026-02-10 08:00:00+00:00,680.8885407464594,7.887,True,synthetic,synthetic-random-forest-v1,True,
2026-02-10,T2,2026-02-10 09:00:00+00:00,766.8174446920831,8.1778,True,synthetic,synthetic-random-forest-v1,True,
2026-02-10,T2,2026-02-10 10:00:00+00:00,2500.0,18.0,True,synthetic,synthetic-random-forest-v1,True,
2026-02-10,T2,2026-02-10 11:00:00+00:00,55.09603159433312,4.0,True,synthetic,synthetic-random-forest-v1,True,
2026-02-10,T2,2026-02-10 12:00:00+00:00,2500.0,20.0,True,synthetic,synthetic-random-forest-v1,True,
2026-02-10,T2,2026-02-10 13:00:00+00:00,144.5519588729645,5.0,True,synthetic,synthetic-random-forest-v1,True,
2026-02-10,T2,2026-02-10 14:00:00+00:00,1743.988036567898,10.6671,True,synthetic,synthetic-random-forest-v1,True,
2026-02-10,T2,2026-02-10 15:00:00+00:00,2051.0258871263677,11.2529,True,synthetic,synthetic-random-forest-v1,True,
2026-02-10,T2,2026-02-10 16:00:00+00:00,2394.5189454535252,11.8188,True,synthetic,synthetic-random-forest-v1,True,
2026-02-10,T2,2026-02-10 17:00:00+00:00,2500.0,12.3431,True,synthetic,synthetic-random-forest-v1,True,
2026-02-10,T2,2026-02-10 18:00:00+00:00,2500.0,12.806,True,synthetic,synthetic-random-forest-v1,True,
2026-02-10,T2,2026-02-10 19:00:00+00:00,2500.0,13.1899,True,synthetic,synthetic-random-forest-v1,True,
2026-02-10,T2,2026-02-10 20:00:00+00:00,2500.0,13.481,True,synthetic,synthetic-random-forest-v1,True,
2026-02-10,T2,2026-02-10 21:00:00+00:00,2500.0,13.6695,True,synthetic,synthetic-random-forest-v1,True,
2026-02-10,T2,2026-02-10 22:00:00+00:00,2500.0,13.7501,True,synthetic,synthetic-random-forest-v1,True,
2026-02-10,T2,2026-02-10 23:00:00+00:00,2500.0,13.7225,True,synthetic,synthetic-random-forest-v1,True,
2026-02-11,T2,2026-02-11 00:00:00+00:00,2500.0,13.591,True,synthetic,synthetic-random-forest-v1,True,
2026-02-11,T2,2026-02-11 01:00:00+00:00,2500.0,13.3648,True,synthetic,synthetic-random-forest-v1,True,
2026-02-11,T2,2026-02-11 02:00:00+00:00,2500.0,13.0571,True,synthetic,synthetic-random-forest-v1,True,
2026-02-11,T2,2026-02-11 03:00:00+00:00,2500.0,12.6845,True,synthetic,synthetic-random-forest-v1,True,
2026-02-11,T2,2026-02-11 04:00:00+00:00,2500.0,12.2666,True,synthetic,synthetic-random-forest-v1,True,
2026-02-11,T2,2026-02-11 05:00:00+00:00,2394.5189454535252,11.8243,True,synthetic,synthetic-random-forest-v1,True,
2026-02-11,T2,2026-02-11 06:00:00+00:00,2128.539636184508,11.3796,True,synthetic,synthetic-random-forest-v1,True,
2026-02-11,T2,2026-02-11 07:00:00+00:00,1894.1234808166353,10.9538,True,synthetic,synthetic-random-forest-v1,True,
2026-02-11,T2,2026-02-11 08:00:00+00:00,1692.49544186206,10.567,True,synthetic,synthetic-random-forest-v1,True,
2026-02-11,T2,2026-02-11 09:00:00+00:00,1542.5857362098195,10.2365,True,synthetic,synthetic-random-forest-v1,True,
2026-02-11,T2,2026-02-11 10:00:00+00:00,1415.6935308750333,9.9768,True,synthetic,synthetic-random-forest-v1,True,
2026-02-11,T2,2026-02-11 11:00:00+00:00,1346.1310076265017,9.7981,True,synthetic,synthetic-random-forest-v1,True,
2026-02-11,T2,2026-02-11 12:00:00+00:00,1312.4908403591032,9.7062,True,synthetic,synthetic-random-forest-v1,True,
2026-02-11,T2,2026-02-11 13:00:00+00:00,1312.4908403591032,9.7021,True,synthetic,synthetic-random-forest-v1,True,
2026-02-11,T2,2026-02-11 14:00:00+00:00,1336.4351254677485,9.7821,True,synthetic,synthetic-random-forest-v1,True,
2026-02-11,T2,2026-02-11 15:00:00+00:00,1403.113219577187,9.9379,True,synthetic,synthetic-random-forest-v1,True,
2026-02-11,T2,2026-02-11 16:00:00+00:00,1503.4495961337868,10.1569,True,synthetic,synthetic-random-forest-v1,True,
2026-02-11,T2,2026-02-11 17:00:00+00:00,1629.4338811481532,10.4232,True,synthetic,synthetic-random-forest-v1,True,
2026-02-11,T2,2026-02-11 18:00:00+00:00,1763.9909527647524,10.7177,True,synthetic,synthetic-random-forest-v1,True,
2026-02-11,T2,2026-02-11 19:00:00+00:00,1934.1346951336873,11.02,True,synthetic,synthetic-random-forest-v1,True,
2026-02-11,T2,2026-02-11 20:00:00+00:00,2087.9884046754796,11.3087,True,synthetic,synthetic-random-forest-v1,True,
2026-02-11,T2,2026-02-11 21:00:00+00:00,2234.6089535691995,11.5626,True,synthetic,synthetic-random-forest-v1,True,
2026-02-11,T2,2026-02-11 22:00:00+00:00,2344.0860589228514,11.762,True,synthetic,synthetic-random-forest-v1,True,
2026-02-11,T2,2026-02-11 23:00:00+00:00,2420.4558457238268,11.8896,True,synthetic,synthetic-random-forest-v1,True,
2026-02-12,T2,2026-02-12 00:00:00+00:00,2461.9956127540217,11.931,True,synthetic,synthetic-random-forest-v1,True,
2026-02-12,T2,2026-02-12 01:00:00+00:00,2420.4558457238268,11.8762,True,synthetic,synthetic-random-forest-v1,True,
2026-02-12,T2,2026-02-12 02:00:00+00:00,2321.598511710128,11.7194,True,synthetic,synthetic-random-forest-v1,True,
2026-02-12,T2,2026-02-12 03:00:00+00:00,2179.8131761642185,11.4595,True,synthetic,synthetic-random-forest-v1,True,
2026-02-12,T2,2026-02-12 04:00:00+00:00,1964.7855406017427,11.1004,True,synthetic,synthetic-random-forest-v1,True,
2026-02-12,T2,2026-02-12 05:00:00+00:00,1739.3027542228317,10.6507,True,synthetic,synthetic-random-forest-v1,True,
2026-02-12,T2,2026-02-12 06:00:00+00:00,1491.686886544803,10.1231,True,synthetic,synthetic-random-forest-v1,True,
2026-02-12,T2,2026-02-12 07:00:00+00:00,1233.4094151067122,9.5343,True,synthetic,synthetic-random-forest-v1,True,
2026-02-12,T2,2026-02-12 08:00:00+00:00,999.2730119801425,8.9035,True,synthetic,synthetic-random-forest-v1,True,
2026-02-12,T2,2026-02-12 09:00:00+00:00,788.5446858795063,8.2521,True,synthetic,synthetic-random-forest-v1,True,
2026-02-12,T2,2026-02-12 10:00:00+00:00,606.9289450344427,7.6026,True,synthetic,synthetic-random-forest-v1,True,
2026-02-12,T2,2026-02-12 11:00:00+00:00,458.4317803197478,6.9769,True,synthetic,synthetic-random-forest-v1,True,
2026-02-12,T2,2026-02-12 12:00:00+00:00,345.6391067957291,6.3963,True,synthetic,synthetic-random-forest-v1,True,
2026-02-12,T2,2026-02-12 13:00:00+00:00,259.0605234178549,5.8794,True,synthetic,synthetic-random-forest-v1,True,
2026-02-12,T2,2026-02-12 14:00:00+00:00,196.98594205127662,5.4419,True,synthetic,synthetic-random-forest-v1,True,
2026-02-12,T2,2026-02-12 15:00:00+00:00,156.69135559024937,5.0958,True,synthetic,synthetic-random-forest-v1,True,
2026-02-12,T2,2026-02-12 16:00:00+00:00,127.20556136140875,4.8485,True,synthetic,synthetic-random-forest-v1,True,
2026-02-12,T2,2026-02-12 17:00:00+00:00,111.86030899644902,4.7028,True,synthetic,synthetic-random-forest-v1,True,
2026-02-12,T2,2026-02-12 18:00:00+00:00,108.6403596124565,4.6564,True,synthetic,synthetic-random-forest-v1,True,
2026-02-12,T2,2026-02-12 19:00:00+00:00,111.86030899644902,4.7027,True,synthetic,synthetic-random-forest-v1,True,
2026-02-12,T2,2026-02-12 20:00:00+00:00,124.62582703380762,4.8304,True,synthetic,synthetic-random-forest-v1,True,
2026-02-12,T2,2026-02-12 21:00:00+00:00,147.07232693828283,5.0246,True,synthetic,synthetic-random-forest-v1,True,
2026-02-12,T2,2026-02-12 22:00:00+00:00,176.4875865100979,5.2672,True,synthetic,synthetic-random-forest-v1,True,
2026-02-12,T2,2026-02-12 23:00:00+00:00,210.34312956104387,5.5382,True,synthetic,synthetic-random-forest-v1,True,
2026-02-13,T2,2026-02-13 00:00:00+00:00,248.23243154377096,5.8164,True,synthetic,synthetic-random-forest-v1,True,
2026-02-13,T2,2026-02-13 01:00:00+00:00,293.56420011575483,6.0806,True,synthetic,synthetic-random-forest-v1,True,
2026-02-13,T2,2026-02-13 02:00:00+00:00,330.3878293324038,6.3105,True,synthetic,synthetic-random-forest-v1,True,
2026-02-13,T2,2026-02-13 03:00:00+00:00,362.4555467957832,6.4879,True,synthetic,synthetic-random-forest-v1,True,
2026-02-13,T2,2026-02-13 04:00:00+00:00,380.3401138902943,6.5977,True,synthetic,synthetic-random-forest-v1,True,
2026-02-13,T2,2026-02-13 05:00:00+00:00,386.234729392299,6.6284,True,synthetic,synthetic-random-forest-v1,True,
2026-02-13,T2,2026-02-13 06:00:00+00:00,378.98422475614643,6.5727,True,synthetic,synthetic-random-forest-v1,True,
2026-02-13,T2,2026-02-13 07:00:00+00:00,348.2104719955316,6.4282,True,synthetic,synthetic-random-forest-v1,True,
2026-02-13,T2,2026-02-13 08:00:00+00:00,310.1792036720545,6.1972,True,synthetic,synthetic-random-forest-v1,True,
2026-02-13,T2,2026-02-13 09:00:00+00:00,259.0605234178549,5.8865,True,synthetic,synthetic-random-forest-v1,True,
2026-02-13,T2,2026-02-13 10:00:00+00:00,206.21149806064946,5.5077,True,synthetic,synthetic-random-forest-v1,True,
2026-02-13,T2,2026-02-13 11:00:00+00:00,151.56174737576362,5.0759,True,synthetic,synthetic-random-forest-v1,True,
2026-02-13,T2,2026-02-13 12:00:00+00:00,104.59463102860713,4.6095,True,synthetic,synthetic-random-forest-v1,True,
2026-02-13,T2,2026-02-13 13:00:00+00:00,64.39338354697325,4.1289,True,synthetic,synthetic-random-forest-v1,True,
2026-02-13,T2,2026-02-13 14:00:00+00:00,33.472049353474155,3.6558,True,synthetic,synthetic-random-forest-v1,True,
2026-02-13,T2,2026-02-13 15:00:00+00:00,8.889161343521288,3.212,True,synthetic,synthetic-random-forest-v1,True,
2026-02-13,T2,2026-02-13 16:00:00+00:00,0.0,2.8186,True,synthetic,synthetic-random-forest-v1,True,
2026-02-13,T2,2026-02-13 17:00:00+00:00,0.0,2.4943,True,synthetic,synthetic-random-forest-v1,True,
2026-02-13,T2,2026-02-13 18:00:00+00:00,0.0,2.2553,True,synthetic,synthetic-random-forest-v1,True,
2026-02-13,T2,2026-02-13 19:00:00+00:00,0.0,2.1139,True,synthetic,synthetic-random-forest-v1,True,
2026-02-13,T2,2026-02-13 20:00:00+00:00,0.0,2.0782,True,synthetic,synthetic-random-forest-v1,True,
2026-02-13,T2,2026-02-13 21:00:00+00:00,0.0,2.1517,True,synthetic,synthetic-random-forest-v1,True,
2026-02-13,T2,2026-02-13 22:00:00+00:00,0.0,2.3327,True,synthetic,synthetic-random-forest-v1,True,
2026-02-13,T2,2026-02-13 23:00:00+00:00,0.0,2.6152,True,synthetic,synthetic-random-forest-v1,True,
2026-02-14,T2,2026-02-14 00:00:00+00:00,0.515229422973454,2.9882,True,synthetic,synthetic-random-forest-v1,True,
2026-02-14,T2,2026-02-14 01:00:00+00:00,19.141245116801027,3.4372,True,synthetic,synthetic-random-forest-v1,True,
2026-02-14,T2,2026-02-14 02:00:00+00:00,51.39841841761345,3.944,True,synthetic,synthetic-random-forest-v1,True,
2026-02-14,T2,2026-02-14 03:00:00+00:00,93.0904333488016,4.4884,True,synthetic,synthetic-random-forest-v1,True,
2026-02-14,T2,2026-02-14 04:00:00+00:00,148.63857687394898,5.0485,True,synthetic,synthetic-random-forest-v1,True,
2026-02-14,T2,2026-02-14 05:00:00+00:00,217.00785394951333,5.6023,True,synthetic,synthetic-random-forest-v1,True,
2026-02-14,T2,2026-02-14 06:00:00+00:00,297.85107701421356,6.1283,True,synthetic,synthetic-random-forest-v1,True,
2026-02-14,T2,2026-02-14 07:00:00+00:00,380.9943398920628,6.6069,True,synthetic,synthetic-random-forest-v1,True,
2026-02-14,T2,2026-02-14 08:00:00+00:00,465.72935094930904,7.0213,True,synthetic,synthetic-random-forest-v1,True,
2026-02-14,T2,2026-02-14 09:00:00+00:00,545.9570819416334,7.358,True,synthetic,synthetic-random-forest-v1,True,
2026-02-14,T2,2026-02-14 10:00:00+00:00,609.6760719451022,7.6079,True,synthetic,synthetic-random-forest-v1,True,
2026-02-14,T2,2026-02-14 11:00:00+00:00,647.6745583531691,7.7664,True,synthetic,synthetic-random-forest-v1,True,
2026-02-14,T2,2026-02-14 12:00:00+00:00,666.011730694744,7.8336,True,synthetic,synthetic-random-forest-v1,True,
2026-02-14,T2,2026-02-14 13:00:00+00:00,656.5577180452775,7.8146,True,synthetic,synthetic-random-forest-v1,True,
2026-02-14,T2,2026-02-14 14:00:00+00:00,635.6181070959598,7.7188,True,synthetic,synthetic-random-forest-v1,True,
2026-02-14,T2,2026-02-14 15:00:00+00:00,590.7000403580176,7.5596,True,synthetic,synthetic-random-forest-v1,True,
2026-02-14,T2,2026-02-14 16:00:00+00:00,545.9570819416334,7.354,True,synthetic,synthetic-random-forest-v1,True,
2026-02-14,T2,2026-02-14 17:00:00+00:00,489.13295968468236,7.1212,True,synthetic,synthetic-random-forest-v1,True,
2026-02-14,T2,2026-02-14 18:00:00+00:00,437.7511529221506,6.882,True,synthetic,synthetic-random-forest-v1,True,
2026-02-14,T2,2026-02-14 19:00:00+00:00,393.5812639284033,6.6576,True,synthetic,synthetic-random-forest-v1,True,
2026-02-14,T2,2026-02-14 20:00:00+00:00,357.9584781919454,6.4687,True,synthetic,synthetic-random-forest-v1,True,
2026-02-14,T2,2026-02-14 21:00:00+00:00,333.9594552798767,6.3342,True,synthetic,synthetic-random-forest-v1,True,
2026-02-14,T2,2026-02-14 22:00:00+00:00,324.4190377487526,6.2705,True,synthetic,synthetic-random-forest-v1,True,
2026-02-14,T2,2026-02-14 23:00:00+00:00,327.0800129340592,6.2904,True,synthetic,synthetic-random-forest-v1,True,
2026-02-15,T2,2026-02-15 00:00:00+00:00,346.43254386403777,6.4028,True,synthetic,synthetic-random-forest-v1,True,
2026-02-15,T2,2026-02-15 01:00:00+00:00,380.9943398920628,6.612,True,synthetic,synthetic-random-forest-v1,True,
2026-02-15,T2,2026-02-15 02:00:00+00:00,447.4802642162013,6.9171,True,synthetic,synthetic-random-forest-v1,True,
2026-02-15,T2,2026-02-15 03:00:00+00:00,536.0155023596645,7.313,True,synthetic,synthetic-random-forest-v1,True,
2026-02-15,T2,2026-02-15 04:00:00+00:00,656.39068731095,7.7897,True,synthetic,synthetic-random-forest-v1,True,
2026-02-15,T2,2026-02-15 05:00:00+00:00,810.2787220886584,8.333,True,synthetic,synthetic-random-forest-v1,True,
2026-02-15,T2,2026-02-15 06:00:00+00:00,1006.6137409121457,8.9255,True,synthetic,synthetic-random-forest-v1,True,
2026-02-15,T2,2026-02-15 07:00:00+00:00,1247.726801309067,9.5471,True,synthetic,synthetic-random-forest-v1,True,
2026-02-15,T2,2026-02-15 08:00:00+00:00,1503.4495961337868,10.176,True,synthetic,synthetic-random-forest-v1,True,
2026-02-15,T2,2026-02-15 09:00:00+00:00,1804.4953485975923,10.79,True,synthetic,synthetic-random-forest-v1,True,
2026-02-15,T2,2026-02-15 10:00:00+00:00,2114.9629073011542,11.3672,True,synthetic,synthetic-random-forest-v1,True,
2026-02-15,T2,2026-02-15 11:00:00+00:00,2419.373486402005,11.8873,True,synthetic,synthetic-random-forest-v1,True,
2026-02-15,T2,2026-02-15 12:00:00+00:00,2500.0,12.3325,True,synthetic,synthetic-random-forest-v1,True,
2026-02-15,T2,2026-02-15 13:00:00+00:00,2500.0,12.6883,True,synthetic,synthetic-random-forest-v1,True,
2026-02-15,T2,2026-02-15 14:00:00+00:00,2500.0,12.9444,True,synthetic,synthetic-random-forest-v1,True,
2026-02-15,T2,2026-02-15 15:00:00+00:00,2500.0,13.0949,True,synthetic,synthetic-random-forest-v1,True,
2026-02-15,T2,2026-02-15 16:00:00+00:00,2500.0,13.1387,True,synthetic,synthetic-random-forest-v1,True,
2026-02-15,T2,2026-02-15 17:00:00+00:00,2500.0,13.0798,True,synthetic,synthetic-random-forest-v1,True,
2026-02-15,T2,2026-02-15 18:00:00+00:00,2500.0,12.9264,True,synthetic,synthetic-random-forest-v1,True,
2026-02-15,T2,2026-02-15 19:00:00+00:00,2500.0,12.6914,True,synthetic,synthetic-random-forest-v1,True,
2026-02-15,T2,2026-02-15 20:00:00+00:00,2500.0,12.3909,True,synthetic,synthetic-random-forest-v1,True,
2026-02-15,T2,2026-02-15 21:00:00+00:00,2500.0,12.044,True,synthetic,synthetic-random-forest-v1,True,
2026-02-15,T2,2026-02-15 22:00:00+00:00,2302.5786879809184,11.6714,True,synthetic,synthetic-random-forest-v1,True,
2026-02-15,T2,2026-02-15 23:00:00+00:00,2077.685085257986,11.2947,True,synthetic,synthetic-random-forest-v1,True,
2026-02-16,T2,2026-02-16 00:00:00+00:00,1891.1129491621266,10.9353,True,synthetic,synthetic-random-forest-v1,True,
2026-02-16,T2,2026-02-16 01:00:00+00:00,1714.0338760343118,10.6131,True,synthetic,synthetic-random-forest-v1,True,
2026-02-16,T2,2026-02-16 02:00:00+00:00,1587.0080017270338,10.3458,True,synthetic,synthetic-random-forest-v1,True,
2026-02-16,T2,2026-02-16 03:00:00+00:00,1496.5232686137351,10.1477,True,synthetic,synthetic-random-forest-v1,True,
2026-02-16,T2,2026-02-16 04:00:00+00:00,1441.675754356697,10.0294,True,synthetic,synthetic-random-forest-v1,True,
2026-02-16,T2,2026-02-16 05:00:00+00:00,1426.0209763761413,9.9969,True,synthetic,synthetic-random-forest-v1,True,
2026-02-16,T2,2026-02-16 06:00:00+00:00,1458.5305290422032,10.0516,True,synthetic,synthetic-random-forest-v1,True,
2026-02-16,T2,2026-02-16 07:00:00+00:00,1515.3512193706085,10.1899,True,synthetic,synthetic-random-forest-v1,True,
2026-02-16,T2,2026-02-16 08:00:00+00:00,1619.6716287492854,10.4039,True,synthetic,synthetic-random-forest-v1,True,
2026-02-16,T2,2026-02-16 09:00:00+00:00,1745.66325955752,10.6812,True,synthetic,synthetic-random-forest-v1,True,
2026-02-16,T2,2026-02-16 10:00:00+00:00,1923.9364088977557,11.0059,True,synthetic,synthetic-random-forest-v1,True,
2026-02-16,T2,2026-02-16 11:00:00+00:00,2112.844559578586,11.3591,True,synthetic,synthetic-random-forest-v1,True,
2026-02-16,T2,2026-02-16 12:00:00+00:00,2321.598511710128,11.7203,True,synthetic,synthetic-random-forest-v1,True,
2026-02-16,T2,2026-02-16 13:00:00+00:00,2500.0,12.0679,True,synthetic,synthetic-random-forest-v1,True,
2026-02-16,T2,2026-02-16 14:00:00+00:00,2500.0,12.3805,True,synthetic,synthetic-random-forest-v1,True,
2026-02-16,T2,2026-02-16 15:00:00+00:00,2500.0,12.6382,True,synthetic,synthetic-random-forest-v1,True,
2026-02-16,T2,2026-02-16 16:00:00+00:00,2500.0,12.8231,True,synthetic,synthetic-random-forest-v1,True,
2026-02-16,T2,2026-02-16 17:00:00+00:00,2500.0,12.9206,True,synthetic,synthetic-random-forest-v1,True,
2026-02-16,T2,2026-02-16 18:00:00+00:00,2500.0,12.9198,True,synthetic,synthetic-random-forest-v1,True,
2026-02-16,T2,2026-02-16 19:00:00+00:00,2500.0,12.8145,True,synthetic,synthetic-random-forest-v1,True,
2026-02-16,T2,2026-02-16 20:00:00+00:00,2500.0,12.603,True,synthetic,synthetic-random-forest-v1,True,
2026-02-16,T2,2026-02-16 21:00:00+00:00,2500.0,12.2887,True,synthetic,synthetic-random-forest-v1,True,
2026-02-16,T2,2026-02-16 22:00:00+00:00,2420.4558457238268,11.8795,True,synthetic,synthetic-random-forest-v1,True,
2026-02-16,T2,2026-02-16 23:00:00+00:00,2129.9509089793437,11.3878,True,synthetic,synthetic-random-forest-v1,True,
2026-02-17,T2,2026-02-17 00:00:00+00:00,1833.9732659257395,10.8297,True,synthetic,synthetic-random-forest-v1,True,
2026-02-17,T2,2026-02-17 01:00:00+00:00,1537.4542502421052,10.2243,True,synthetic,synthetic-random-forest-v1,True,
2026-02-17,T2,2026-02-17 02:00:00+00:00,1251.1934571520599,9.5927,True,synthetic,synthetic-random-forest-v1,True,
2026-02-17,T2,2026-02-17 03:00:00+00:00,1017.8429960553616,8.9571,True,synthetic,synthetic-random-forest-v1,True,
2026-02-17,T2,2026-02-17 04:00:00+00:00,811.7162981822248,8.3398,True,synthetic,synthetic-random-forest-v1,True,
2026-02-17,T2,2026-02-17 05:00:00+00:00,646.9379219402045,7.7618,True,synthetic,synthetic-random-forest-v1,True,
2026-02-17,T2,2026-02-17 06:00:00+00:00,516.726427948811,7.2423,True,synthetic,synthetic-random-forest-v1,True,
2026-02-17,T2,2026-02-17 07:00:00+00:00,425.78514745712306,6.7972,True,synthetic,synthetic-random-forest-v1,True,
2026-02-17,T2,2026-02-17 08:00:00+00:00,350.9374158047021,6.4389,True,synthetic,synthetic-random-forest-v1,True,
2026-02-17,T2,2026-02-17 09:00:00+00:00,307.8731279752287,6.1752,True,synthetic,synthetic-random-forest-v1,True,
2026-02-17,T2,2026-02-17 10:00:00+00:00,282.61450781183686,6.0093,True,synthetic,synthetic-random-forest-v1,True,
2026-02-17,T2,2026-02-17 11:00:00+00:00,268.0340815347399,5.9397,True,synthetic,synthetic-random-forest-v1,True,
2026-02-17,T2,2026-02-17 12:00:00+00:00,270.91202630581375,5.9601,True,synthetic,synthetic-random-forest-v1,True,
2026-02-17,T2,2026-02-17 13:00:00+00:00,283.4119231675683,6.0596,True,synthetic,synthetic-random-forest-v1,True,
2026-02-17,T2,2026-02-17 14:00:00+00:00,313.45734548822224,6.2237,True,synthetic,synthetic-random-forest-v1,True,
2026-02-17,T2,2026-02-17 15:00:00+00:00,350.9374158047021,6.4348,True,synthetic,synthetic-random-forest-v1,True,
2026-02-17,T2,2026-02-17 16:00:00+00:00,396.3155552318179,6.673,True,synthetic,synthetic-random-forest-v1,True,
2026-02-17,T2,2026-02-17 17:00:00+00:00,447.4802642162013,6.9173,True,synthetic,synthetic-random-forest-v1,True,
2026-02-17,T2,2026-02-17 18:00:00+00:00,496.22094780450743,7.1464,True,synthetic,synthetic-random-forest-v1,True,
2026-02-17,T2,2026-02-17 19:00:00+00:00,539.442788516379,7.3401,True,synthetic,synthetic-random-forest-v1,True,
2026-02-17,T2,2026-02-17 20:00:00+00:00,574.3788643642506,7.4801,True,synthetic,synthetic-random-forest-v1,True,
2026-02-17,T2,2026-02-17 21:00:00+00:00,589.0961093865493,7.551,True,synthetic,synthetic-random-forest-v1,True,
2026-02-17,T2,2026-02-17 22:00:00+00:00,589.0892723278631,7.5411,True,synthetic,synthetic-random-forest-v1,True,
2026-02-17,T2,2026-02-17 23:00:00+00:00,565.102184279048,7.4428,True,synthetic,synthetic-random-forest-v1,True,
2026-02-18,T2,2026-02-18 00:00:00+00:00,518.9339109419942,7.2532,True,synthetic,synthetic-random-forest-v1,True,
2026-02-18,T2,2026-02-18 01:00:00+00:00,456.7634987830921,6.9745,True,synthetic,synthetic-random-forest-v1,True,
2026-02-18,T2,2026-02-18 02:00:00+00:00,380.9943398920628,6.6133,True,synthetic,synthetic-random-forest-v1,True,
2026-02-18,T2,2026-02-18 03:00:00+00:00,309.40800717246094,6.1806,True,synthetic,synthetic-random-forest-v1,True,
2026-02-18,T2,2026-02-18 04:00:00+00:00,230.61619639608432,5.6916,True,synthetic,synthetic-random-forest-v1,True,
2026-02-18,T2,2026-02-18 05:00:00+00:00,162.65854837876796,5.1645,True,synthetic,synthetic-random-forest-v1,True,
2026-02-18,T2,2026-02-18 06:00:00+00:00,105.36274052314985,4.6197,True,synthetic,synthetic-random-forest-v1,True,
2026-02-18,T2,2026-02-18 07:00:00+00:00,59.565271699040345,4.0791,True,synthetic,synthetic-random-forest-v1,True,
2026-02-18,T2,2026-02-18 08:00:00+00:00,26.13884468877399,3.5647,True,synthetic,synthetic-random-forest-v1,True,
2026-02-18,T2,2026-02-18 09:00:00+00:00,4.842678429598947,3.0977,True,synthetic,synthetic-random-forest-v1,True,
2026-02-18,T2,2026-02-18 10:00:00+00:00,0.0,2.6975,True,synthetic,synthetic-random-forest-v1,True,
2026-02-18,T2,2026-02-18 11:00:00+00:00,0.0,2.3807,True,synthetic,synthetic-random-forest-v1,True,
2026-02-18,T2,2026-02-18 12:00:00+00:00,0.0,2.1602,True,synthetic,synthetic-random-forest-v1,True,
2026-02-18,T2,2026-02-18 13:00:00+00:00,0.0,2.0447,True,synthetic,synthetic-random-forest-v1,True,
2026-02-18,T2,2026-02-18 14:00:00+00:00,0.0,2.0383,True,synthetic,synthetic-random-forest-v1,True,
2026-02-18,T2,2026-02-18 15:00:00+00:00,0.0,2.1402,True,synthetic,synthetic-random-forest-v1,True,
2026-02-18,T2,2026-02-18 16:00:00+00:00,0.0,2.3447,True,synthetic,synthetic-random-forest-v1,True,
2026-02-18,T2,2026-02-18 17:00:00+00:00,0.0,2.6418,True,synthetic,synthetic-random-forest-v1,True,
2026-02-18,T2,2026-02-18 18:00:00+00:00,1.5712320932902166,3.0171,True,synthetic,synthetic-random-forest-v1,True,
2026-02-18,T2,2026-02-18 19:00:00+00:00,21.544671127575622,3.4533,True,synthetic,synthetic-random-forest-v1,True,
2026-02-18,T2,2026-02-18 20:00:00+00:00,50.731528407718876,3.9303,True,synthetic,synthetic-random-forest-v1,True,
2026-02-18,T2,2026-02-18 21:00:00+00:00,88.39175390227844,4.4265,True,synthetic,synthetic-random-forest-v1,True,
2026-02-18,T2,2026-02-18 22:00:00+00:00,135.79999819679998,4.9201,True,synthetic,synthetic-random-forest-v1,True,
2026-02-18,T2,2026-02-18 23:00:00+00:00,189.44914998333192,5.3897,True,synthetic,synthetic-random-forest-v1,True,
2026-02-19,T2,2026-02-19 00:00:00+00:00,247.14689502016145,5.8157,True,synthetic,synthetic-random-forest-v1,True,
2026-02-19,T2,2026-02-19 01:00:00+00:00,308.9870448275425,6.181,True,synthetic,synthetic-random-forest-v1,True,
2026-02-19,T2,2026-02-19 02:00:00+00:00,358.0515437862022,6.472,True,synthetic,synthetic-random-forest-v1,True,
2026-02-19,T2,2026-02-19 03:00:00+00:00,398.31728913999797,6.6792,True,synthetic,synthetic-random-forest-v1,True,
2026-02-19,T2,2026-02-19 04:00:00+00:00,425.78514745712306,6.7977,True,synthetic,synthetic-random-forest-v1,True,
2026-02-19,T2,2026-02-19 05:00:00+00:00,429.810446878525,6.8275,True,synthetic,synthetic-random-forest-v1,True,
2026-02-19,T2,2026-02-19 06:00:00+00:00,414.2110845733114,6.773,True,synthetic,synthetic-random-forest-v1,True,
2026-02-19,T2,2026-02-19 07:00:00+00:00,393.5812639284033,6.6436,True,synthetic,synthetic-random-forest-v1,True,
2026-02-19,T2,2026-02-19 08:00:00+00:00,355.6538625740821,6.4524,True,synthetic,synthetic-random-forest-v1,True,
2026-02-19,T2,2026-02-19 09:00:00+00:00,313.0363831433038,6.216,True,synthetic,synthetic-random-forest-v1,True,
2026-02-19,T2,2026-02-19 10:00:00+00:00,269.04135115480886,5.9537,True,synthetic,synthetic-random-forest-v1,True,
2026-02-19,T2,2026-02-19 11:00:00+00:00,229.03132962749268,5.6863,True,synthetic,synthetic-random-forest-v1,True,
2026-02-19,T2,2026-02-19 12:00:00+00:00,198.07835271230363,5.435,True,synthetic,synthetic-random-forest-v1,True,
2026-02-19,T2,2026-02-19 13:00:00+00:00,168.4635720744507,5.2206,True,synthetic,synthetic-random-forest-v1,True,
2026-02-19,T2,2026-02-19 14:00:00+00:00,149.61333606456648,5.0625,True,synthetic,synthetic-random-forest-v1,True,
2026-02-19,T2,2026-02-19 15:00:00+00:00,143.527495426318,4.9772,True,synthetic,synthetic-random-forest-v1,True,
2026-02-19,T2,2026-02-19 16:00:00+00:00,143.527495426318,4.9781,True,synthetic,synthetic-random-forest-v1,True,
2026-02-19,T2,2026-02-19 17:00:00+00:00,151.56174737576362,5.0744,True,synthetic,synthetic-random-forest-v1,True,
2026-02-19,T2,2026-02-19 18:00:00+00:00,176.4875865100979,5.2708,True,synthetic,synthetic-random-forest-v1,True,
2026-02-19,T2,2026-02-19 19:00:00+00:00,213.0257470647188,5.5673,True,synthetic,synthetic-random-forest-v1,True,
2026-02-19,T2,2026-02-19 20:00:00+00:00,270.2579449635031,5.9588,True,synthetic,synthetic-random-forest-v1,True,
2026-02-19,T2,2026-02-19 21:00:00+00:00,351.34711735907393,6.4358,True,synthetic,synthetic-random-forest-v1,True,
2026-02-19,T2,2026-02-19 22:00:00+00:00,464.7689299282752,6.9847,True,synthetic,synthetic-random-forest-v1,True,
2026-02-19,T2,2026-02-19 23:00:00+00:00,606.9289450344427,7.5881,True,synthetic,synthetic-random-forest-v1,True,
2026-02-20,T2,2026-02-20 00:00:00+00:00,780.8020361998202,8.2263,True,synthetic,synthetic-random-forest-v1,True,
2026-02-20,T2,2026-02-20 01:00:00+00:00,989.5160029735226,8.8774,True,synthetic,synthetic-random-forest-v1,True,
2026-02-20,T2,2026-02-20 02:00:00+00:00,1228.0647843179715,9.5192,True,synthetic,synthetic-random-forest-v1,True,
2026-02-20,T2,2026-02-20 03:00:00+00:00,1494.0896690924658,10.1297,True,synthetic,synthetic-random-forest-v1,True,
2026-02-20,T2,2026-02-20 04:00:00+00:00,1745.66325955752,10.6882,True,synthetic,synthetic-random-forest-v1,True,
2026-02-20,T2,2026-02-20 05:00:00+00:00,2010.8627640859515,11.1765,True,synthetic,synthetic-random-forest-v1,True,
2026-02-20,T2,2026-02-20 06:00:00+00:00,2244.140835624887,11.5798,True,synthetic,synthetic-random-forest-v1,True,
2026-02-20,T2,2026-02-20 07:00:00+00:00,2419.373486402005,11.8872,True,synthetic,synthetic-random-forest-v1,True,
2026-02-20,T2,2026-02-20 08:00:00+00:00,2500.0,12.0922,True,synthetic,synthetic-random-forest-v1,True,
2026-02-20,T2,2026-02-20 09:00:00+00:00,2500.0,12.1932,True,synthetic,synthetic-random-forest-v1,True,
2026-02-20,T2,2026-02-20 10:00:00+00:00,2500.0,12.1935,True,synthetic,synthetic-random-forest-v1,True,
2026-02-20,T2,2026-02-20 11:00:00+00:00,2500.0,12.1009,True,synthetic,synthetic-random-forest-v1,True,
2026-02-20,T2,2026-02-20 12:00:00+00:00,2458.218950995019,11.9275,True,synthetic,synthetic-random-forest-v1,True,
2026-02-20,T2,2026-02-20 13:00:00+00:00,2308.5230229542,11.6891,True,synthetic,synthetic-random-forest-v1,True,
2026-02-20,T2,2026-02-20 14:00:00+00:00,2141.9067761807223,11.4043,True,synthetic,synthetic-random-forest-v1,True,
2026-02-20,T2,2026-02-20 15:00:00+00:00,1965.3586063267683,11.0937,True,synthetic,synthetic-random-forest-v1,True,
2026-02-20,T2,2026-02-20 16:00:00+00:00,1804.4953485975923,10.7786,True,synthetic,synthetic-random-forest-v1,True,
2026-02-20,T2,2026-02-20 17:00:00+00:00,1647.216156406652,10.4802,True,synthetic,synthetic-random-forest-v1,True,
2026-02-20,T2,2026-02-20 18:00:00+00:00,1532.3715695956178,10.2186,True,synthetic,synthetic-random-forest-v1,True,
2026-02-20,T2,2026-02-20 19:00:00+00:00,1441.675754356697,10.0114,True,synthetic,synthetic-random-forest-v1,True,
2026-02-20,T2,2026-02-20 20:00:00+00:00,1376.4237731939168,9.8732,True,synthetic,synthetic-random-forest-v1,True,
2026-02-20,T2,2026-02-20 21:00:00+00:00,1348.5451967736324,9.8147,True,synthetic,synthetic-random-forest-v1,True,
2026-02-20,T2,2026-02-20 22:00:00+00:00,1356.084021061974,9.8423,True,synthetic,synthetic-random-forest-v1,True,
2026-02-20,T2,2026-02-20 23:00:00+00:00,1403.113219577187,9.9576,True,synthetic,synthetic-random-forest-v1,True,
2026-02-21,T2,2026-02-21 00:00:00+00:00,1503.4495961337868,10.1574,True,synthetic,synthetic-random-forest-v1,True,
2026-02-21,T2,2026-02-21 01:00:00+00:00,1631.709387974629,10.4338,True,synthetic,synthetic-random-forest-v1,True,
2026-02-21,T2,2026-02-21 02:00:00+00:00,1801.1933056149146,10.7747,True,synthetic,synthetic-random-forest-v1,True,
2026-02-21,T2,2026-02-21 03:00:00+00:00,2009.4064903163319,11.1643,True,synthetic,synthetic-random-forest-v1,True,
2026-02-21,T2,2026-02-21 04:00:00+00:00,2244.140835624887,11.5839,True,synthetic,synthetic-random-forest-v1,True,
2026-02-21,T2,2026-02-21 05:00:00+00:00,2500.0,12.0128,True,synthetic,synthetic-random-forest-v1,True,
2026-02-21,T2,2026-02-21 06:00:00+00:00,2500.0,12.4293,True,synthetic,synthetic-random-forest-v1,True,
2026-02-21,T2,2026-02-21 07:00:00+00:00,2500.0,12.8118,True,synthetic,synthetic-random-forest-v1,True,
2026-02-21,T2,2026-02-21 08:00:00+00:00,2500.0,13.14,True,synthetic,synthetic-random-forest-v1,True,
2026-02-21,T2,2026-02-21 09:00:00+00:00,2500.0,13.3955,True,synthetic,synthetic-random-forest-v1,True,
2026-02-21,T2,2026-02-21 10:00:00+00:00,2500.0,13.5632,True,synthetic,synthetic-random-forest-v1,True,
2026-02-21,T2,2026-02-21 11:00:00+00:00,2500.0,13.6317,True,synthetic,synthetic-random-forest-v1,True,
2026-02-21,T2,2026-02-21 12:00:00+00:00,2500.0,13.5942,True,synthetic,synthetic-random-forest-v1,True,
2026-02-21,T2,2026-02-21 13:00:00+00:00,2500.0,13.4483,True,synthetic,synthetic-random-forest-v1,True,
2026-02-21,T2,2026-02-21 14:00:00+00:00,2500.0,13.1968,True,synthetic,synthetic-random-forest-v1,True,
2026-02-21,T2,2026-02-21 15:00:00+00:00,2500.0,12.847,True,synthetic,synthetic-random-forest-v1,True,
2026-02-21,T2,2026-02-21 16:00:00+00:00,2500.0,12.4108,True,synthetic,synthetic-random-forest-v1,True,
2026-02-21,T2,2026-02-21 17:00:00+00:00,2448.726522912349,11.9037,True,synthetic,synthetic-random-forest-v1,True,
2026-02-21,T2,2026-02-21 18:00:00+00:00,2095.375277367899,11.3446,True,synthetic,synthetic-random-forest-v1,True,
2026-02-21,T2,2026-02-21 19:00:00+00:00,1788.5163077443065,10.7542,True,synthetic,synthetic-random-forest-v1,True,
2026-02-21,T2,2026-02-21 20:00:00+00:00,1501.4129865295974,10.1546,True,synthetic,synthetic-random-forest-v1,True,
2026-02-21,T2,2026-02-21 21:00:00+00:00,1249.5798734207442,9.568,True,synthetic,synthetic-random-forest-v1,True,
2026-02-21,T2,2026-02-21 22:00:00+00:00,1046.407825022122,9.0155,True,synthetic,synthetic-random-forest-v1,True,
2026-02-21,T2,2026-02-21 23:00:00+00:00,871.9792675743705,8.5165,True,synthetic,synthetic-random-forest-v1,True,
2026-02-22,T2,2026-02-22 00:00:00+00:00,733.8350961698952,8.087,True,synthetic,synthetic-random-forest-v1,True,
2026-02-22,T2,2026-02-22 01:00:00+00:00,642.3000340472443,7.7398,True,synthetic,synthetic-random-forest-v1,True,
2026-02-22,T2,2026-02-22 02:00:00+00:00,574.6104468763386,7.4832,True,synthetic,synthetic-random-forest-v1,True,
2026-02-22,T2,2026-02-22 03:00:00+00:00,536.0155023596645,7.3208,True,synthetic,synthetic-random-forest-v1,True,
2026-02-22,T2,2026-02-22 04:00:00+00:00,517.5748800783218,7.2514,True,synthetic,synthetic-random-forest-v1,True,
2026-02-22,T2,2026-02-22 05:00:00+00:00,524.7565103859682,7.2691,True,synthetic,synthetic-random-forest-v1,True,
2026-02-22,T2,2026-02-22 06:00:00+00:00,547.8877321167575,7.3636,True,synthetic,synthetic-random-forest-v1,True,
2026-02-22,T2,2026-02-22 07:00:00+00:00,585.1466501772085,7.5206,True,synthetic,synthetic-random-forest-v1,True,
2026-02-22,T2,2026-02-22 08:00:00+00:00,635.6181070959598,7.7227,True,synthetic,synthetic-random-forest-v1,True,
2026-02-22,T2,2026-02-22 09:00:00+00:00,705.3405627367518,7.9504,True,synthetic,synthetic-random-forest-v1,True,
2026-02-22,T2,2026-02-22 10:00:00+00:00,767.833112767606,8.1825,True,synthetic,synthetic-random-forest-v1,True,
2026-02-22,T2,2026-02-22 11:00:00+00:00,825.6324123718199,8.398,True,synthetic,synthetic-random-forest-v1,True,
2026-02-22,T2,2026-02-22 12:00:00+00:00,888.0439222280025,8.5765,True,synthetic,synthetic-random-forest-v1,True,
2026-02-22,T2,2026-02-22 13:00:00+00:00,930.3115554818669,8.6994,True,synthetic,synthetic-random-forest-v1,True,
2026-02-22,T2,2026-02-22 14:00:00+00:00,946.4507775538144,8.7512,True,synthetic,synthetic-random-forest-v1,True,
2026-02-22,T2,2026-02-22 15:00:00+00:00,934.5254363519333,8.7198,True,synthetic,synthetic-random-forest-v1,True,
2026-02-22,T2,2026-02-22 16:00:00+00:00,892.3486053587523,8.5973,True,synthetic,synthetic-random-forest-v1,True,
2026-02-22,T2,2026-02-22 17:00:00+00:00,825.6324123718199,8.3805,True,synthetic,synthetic-random-forest-v1,True,
2026-02-22,T2,2026-02-22 18:00:00+00:00,732.9684013242294,8.0711,True,synthetic,synthetic-random-forest-v1,True,
2026-02-22,T2,2026-02-22 19:00:00+00:00,625.3141684506587,7.6752,True,synthetic,synthetic-random-forest-v1,True,
2026-02-22,T2,2026-02-22 20:00:00+00:00,514.0615806460697,7.2039,True,synthetic,synthetic-random-forest-v1,True,
2026-02-22,T2,2026-02-22 21:00:00+00:00,396.3155552318179,6.672,True,synthetic,synthetic-random-forest-v1,True,
2026-02-22,T2,2026-02-22 22:00:00+00:00,294.10343472720416,6.0974,True,synthetic,synthetic-random-forest-v1,True,
2026-02-22,T2,2026-02-22 23:00:00+00:00,205.78288478751168,5.5006,True,synthetic,synthetic-random-forest-v1,True,
2026-02-23,T2,2026-02-23 00:00:00+00:00,131.99974347849104,4.9036,True,synthetic,synthetic-random-forest-v1,True,
2026-02-23,T2,2026-02-23 01:00:00+00:00,80.4525173117077,4.3286,True,synthetic,synthetic-random-forest-v1,True,
2026-02-23,T2,2026-02-23 02:00:00+00:00,41.6393273882559,3.7969,True,synthetic,synthetic-random-forest-v1,True,
2026-02-23,T2,2026-02-23 03:00:00+00:00,14.573026423910589,3.3285,True,synthetic,synthetic-random-forest-v1,True,
2026-02-23,T2,2026-02-23 04:00:00+00:00,0.0,2.9403,True,synthetic,synthetic-random-forest-v1,True,
2026-02-23,T2,2026-02-23 05:00:00+00:00,0.0,2.6459,True,synthetic,synthetic-random-forest-v1,True,
2026-02-23,T2,2026-02-23 06:00:00+00:00,0.0,2.4546,True,synthetic,synthetic-random-forest-v1,True,
2026-02-23,T2,2026-02-23 07:00:00+00:00,0.0,2.371,True,synthetic,synthetic-random-forest-v1,True,
2026-02-23,T2,2026-02-23 08:00:00+00:00,0.0,2.3951,True,synthetic,synthetic-random-forest-v1,True,
2026-02-23,T2,2026-02-23 09:00:00+00:00,0.0,2.5218,True,synthetic,synthetic-random-forest-v1,True,
2026-02-23,T2,2026-02-23 10:00:00+00:00,0.0,2.7417,True,synthetic,synthetic-random-forest-v1,True,
2026-02-23,T2,2026-02-23 11:00:00+00:00,1.7903683251702873,3.0411,True,synthetic,synthetic-random-forest-v1,True,
2026-02-23,T2,2026-02-23 12:00:00+00:00,18.65770896493317,3.4029,True,synthetic,synthetic-random-forest-v1,True,
2026-02-23,T2,2026-02-23 13:00:00+00:00,41.6393273882559,3.8075,True,synthetic,synthetic-random-forest-v1,True,
2026-02-23,T2,2026-02-23 14:00:00+00:00,70.31916039766901,4.2338,True,synthetic,synthetic-random-forest-v1,True,
2026-02-23,T2,2026-02-23 15:00:00+00:00,108.77020935861951,4.66,True,synthetic,synthetic-random-forest-v1,True,
2026-02-23,T2,2026-02-23 16:00:00+00:00,149.61333606456648,5.0648,True,synthetic,synthetic-random-forest-v1,True,
2026-02-23,T2,2026-02-23 17:00:00+00:00,196.0587804536417,5.4285,True,synthetic,synthetic-random-forest-v1,True,
2026-02-23,T2,2026-02-23 18:00:00+00:00,236.49089073657535,5.734,True,synthetic,synthetic-random-forest-v1,True,
2026-02-23,T2,2026-02-23 19:00:00+00:00,270.91202630581375,5.9675,True,synthetic,synthetic-random-forest-v1,True,
2026-02-23,T2,2026-02-23 20:00:00+00:00,297.8470582464817,6.1194,True,synthetic,synthetic-random-forest-v1,True,
2026-02-23,T2,2026-02-23 21:00:00+00:00,310.03093111142624,6.1843,True,synthetic,synthetic-random-forest-v1,True,
2026-02-23,T2,2026-02-23 22:00:00+00:00,306.176215153043,6.1619,True,synthetic,synthetic-random-forest-v1,True,
2026-02-23,T2,2026-02-23 23:00:00+00:00,283.4119231675683,6.0565,True,synthetic,synthetic-random-forest-v1,True,
2026-02-24,T2,2026-02-24 00:00:00+00:00,259.0605234178549,5.877,True,synthetic,synthetic-random-forest-v1,True,
2026-02-24,T2,2026-02-24 01:00:00+00:00,224.4773889937569,5.6365,True,synthetic,synthetic-random-forest-v1,True,
2026-02-24,T2,2026-02-24 02:00:00+00:00,185.0561999124036,5.3514,True,synthetic,synthetic-random-forest-v1,True,
2026-02-24,T2,2026-02-24 03:00:00+00:00,148.63857687394898,5.0409,True,synthetic,synthetic-random-forest-v1,True,
2026-02-24,T2,2026-02-24 04:00:00+00:00,113.42750989402928,4.7257,True,synthetic,synthetic-random-forest-v1,True,
2026-02-24,T2,2026-02-24 05:00:00+00:00,88.39175390227844,4.4274,True,synthetic,synthetic-random-forest-v1,True,
2026-02-24,T2,2026-02-24 06:00:00+00:00,65.8841439822056,4.1669,True,synthetic,synthetic-random-forest-v1,True,
2026-02-24,T2,2026-02-24 07:00:00+00:00,52.82088247197407,3.9638,True,synthetic,synthetic-random-forest-v1,True,
2026-02-24,T2,2026-02-24 08:00:00+00:00,43.56077875511452,3.8351,True,synthetic,synthetic-random-forest-v1,True,
2026-02-24,T2,2026-02-24 09:00:00+00:00,41.6393273882559,3.7947,True,synthetic,synthetic-random-forest-v1,True,
2026-02-24,T2,2026-02-24 10:00:00+00:00,44.67200953664084,3.8522,True,synthetic,synthetic-random-forest-v1,True,
2026-02-24,T2,2026-02-24 11:00:00+00:00,55.09603159433312,4.013,True,synthetic,synthetic-random-forest-v1,True,
2026-02-24,T2,2026-02-24 12:00:00+00:00,75.16051906840589,4.2774,True,synthetic,synthetic-random-forest-v1,True,
2026-02-24,T2,2026-02-24 13:00:00+00:00,108.6403596124565,4.6411,True,synthetic,synthetic-random-forest-v1,True,
2026-02-24,T2,2026-02-24 14:00:00+00:00,156.69135559024937,5.0949,True,synthetic,synthetic-random-forest-v1,True,
2026-02-24,T2,2026-02-24 15:00:00+00:00,223.82384427159334,5.6257,True,synthetic,synthetic-random-forest-v1,True,
2026-02-24,T2,2026-02-24 16:00:00+00:00,313.45734548822224,6.2164,True,synthetic,synthetic-random-forest-v1,True,
2026-02-24,T2,2026-02-24 17:00:00+00:00,431.22241974254706,6.8475,True,synthetic,synthetic-random-forest-v1,True,
2026-02-24,T2,2026-02-24 18:00:00+00:00,581.7779109551624,7.4975,True,synthetic,synthetic-random-forest-v1,True,
2026-02-24,T2,2026-02-24 19:00:00+00:00,748.202958602007,8.1439,True,synthetic,synthetic-random-forest-v1,True,
2026-02-24,T2,2026-02-24 20:00:00+00:00,947.829072594076,8.7646,True,synthetic,synthetic-random-forest-v1,True,
2026-02-24,T2,2026-02-24 21:00:00+00:00,1147.2155802745242,9.3389,True,synthetic,synthetic-random-forest-v1,True,
2026-02-24,T2,2026-02-24 22:00:00+00:00,1358.35588901093,9.8484,True,synthetic,synthetic-random-forest-v1,True,
2026-02-24,T2,2026-02-24 23:00:00+00:00,1555.4236710825498,10.2776,True,synthetic,synthetic-random-forest-v1,True,
2026-02-25,T2,2026-02-25 00:00:00+00:00,1714.0338760343118,10.6153,True,synthetic,synthetic-random-forest-v1,True,
2026-02-25,T2,2026-02-25 01:00:00+00:00,1846.8171279369735,10.8545,True,synthetic,synthetic-random-forest-v1,True,
2026-02-25,T2,2026-02-25 02:00:00+00:00,1909.9435861913707,10.993,True,synthetic,synthetic-random-forest-v1,True,
2026-02-25,T2,2026-02-25 03:00:00+00:00,1935.928054010791,11.0336,True,synthetic,synthetic-random-forest-v1,True,
2026-02-25,T2,2026-02-25 04:00:00+00:00,1896.5271007758586,10.9835,True,synthetic,synthetic-random-forest-v1,True,
2026-02-25,T2,2026-02-25 05:00:00+00:00,1846.8171279369735,10.8544,True,synthetic,synthetic-random-forest-v1,True,
2026-02-25,T2,2026-02-25 06:00:00+00:00,1743.988036567898,10.6617,True,synthetic,synthetic-random-forest-v1,True,
2026-02-25,T2,2026-02-25 07:00:00+00:00,1629.4338811481532,10.4237,True,synthetic,synthetic-random-forest-v1,True,
2026-02-25,T2,2026-02-25 08:00:00+00:00,1503.4495961337868,10.1605,True,synthetic,synthetic-random-forest-v1,True,
2026-02-25,T2,2026-02-25 09:00:00+00:00,1386.32877703674,9.8934,True,synthetic,synthetic-random-forest-v1,True,
2026-02-25,T2,2026-02-25 10:00:00+00:00,1279.7300632853076,9.6436,True,synthetic,synthetic-random-forest-v1,True,
2026-02-25,T2,2026-02-25 11:00:00+00:00,1194.9028039517207,9.431,True,synthetic,synthetic-random-forest-v1,True,
2026-02-25,T2,2026-02-25 12:00:00+00:00,1133.336412109192,9.2735,True,synthetic,synthetic-random-forest-v1,True,
2026-02-25,T2,2026-02-25 13:00:00+00:00,1094.190111138199,9.1858,True,synthetic,synthetic-random-forest-v1,True,
2026-02-25,T2,2026-02-25 14:00:00+00:00,1094.190111138199,9.1789,True,synthetic,synthetic-random-forest-v1,True,
2026-02-25,T2,2026-02-25 15:00:00+00:00,1131.6137944031173,9.2595,True,synthetic,synthetic-random-forest-v1,True,
2026-02-25,T2,2026-02-25 16:00:00+00:00,1194.9028039517207,9.4294,True,synthetic,synthetic-random-forest-v1,True,
2026-02-25,T2,2026-02-25 17:00:00+00:00,1294.2460506229108,9.6857,True,synthetic,synthetic-random-forest-v1,True,
2026-02-25,T2,2026-02-25 18:00:00+00:00,1441.675754356697,10.0209,True,synthetic,synthetic-random-forest-v1,True,
2026-02-25,T2,2026-02-25 19:00:00+00:00,1629.4338811481532,10.423,True,synthetic,synthetic-random-forest-v1,True,
2026-02-25,T2,2026-02-25 20:00:00+00:00,1854.5774524122705,10.8763,True,synthetic,synthetic-random-forest-v1,True,
2026-02-25,T2,2026-02-25 21:00:00+00:00,2113.02058163513,11.3623,True,synthetic,synthetic-random-forest-v1,True,
2026-02-25,T2,2026-02-25 22:00:00+00:00,2414.8930398479697,11.8601,True,synthetic,synthetic-random-forest-v1,True,
2026-02-25,T2,2026-02-25 23:00:00+00:00,2500.0,12.3479,True,synthetic,synthetic-random-forest-v1,True,
2026-02-26,T2,2026-02-26 00:00:00+00:00,2500.0,12.8039,True,synthetic,synthetic-random-forest-v1,True,
2026-02-26,T2,2026-02-26 01:00:00+00:00,2500.0,13.2074,True,synthetic,synthetic-random-forest-v1,True,
2026-02-26,T2,2026-02-26 02:00:00+00:00,2500.0,13.5397,True,synthetic,synthetic-random-forest-v1,True,
2026-02-26,T2,2026-02-26 03:00:00+00:00,2500.0,13.785,True,synthetic,synthetic-random-forest-v1,True,
2026-02-26,T2,2026-02-26 04:00:00+00:00,2500.0,13.9314,True,synthetic,synthetic-random-forest-v1,True,
2026-02-26,T2,2026-02-26 05:00:00+00:00,2500.0,13.9714,True,synthetic,synthetic-random-forest-v1,True,
2026-02-26,T2,2026-02-26 06:00:00+00:00,2500.0,13.902,True,synthetic,synthetic-random-forest-v1,True,
2026-02-26,T2,2026-02-26 07:00:00+00:00,2500.0,13.7253,True,synthetic,synthetic-random-forest-v1,True,
2026-02-26,T2,2026-02-26 08:00:00+00:00,2500.0,13.4481,True,synthetic,synthetic-random-forest-v1,True,
2026-02-26,T2,2026-02-26 09:00:00+00:00,2500.0,13.0814,True,synthetic,synthetic-random-forest-v1,True,
2026-02-26,T2,2026-02-26 10:00:00+00:00,2500.0,12.6406,True,synthetic,synthetic-random-forest-v1,True,
2026-02-26,T2,2026-02-26 11:00:00+00:00,2500.0,12.1438,True,synthetic,synthetic-random-forest-v1,True,
2026-02-26,T2,2026-02-26 12:00:00+00:00,2247.9067290748826,11.6117,True,synthetic,synthetic-random-forest-v1,True,
2026-02-26,T2,2026-02-26 13:00:00+00:00,1946.8793026603864,11.066,True,synthetic,synthetic-random-forest-v1,True,
2026-02-26,T2,2026-02-26 14:00:00+00:00,1678.8004063815463,10.5287,True,synthetic,synthetic-random-forest-v1,True,
2026-02-26,T2,2026-02-26 15:00:00+00:00,1441.675754356697,10.0212,True,synthetic,synthetic-random-forest-v1,True,
2026-02-26,T2,2026-02-26 16:00:00+00:00,1249.5798734207442,9.5625,True,synthetic,synthetic-random-forest-v1,True,
2026-02-26,T2,2026-02-26 17:00:00+00:00,1089.6317485480663,9.1694,True,synthetic,synthetic-random-forest-v1,True,
2026-02-26,T2,2026-02-26 18:00:00+00:00,977.7540259571248,8.8545,True,synthetic,synthetic-random-forest-v1,True,
2026-02-26,T2,2026-02-26 19:00:00+00:00,908.8971462685262,8.6266,True,synthetic,synthetic-random-forest-v1,True,
2026-02-26,T2,2026-02-26 20:00:00+00:00,858.8377050634455,8.4896,True,synthetic,synthetic-random-forest-v1,True,
2026-02-26,T2,2026-02-26 21:00:00+00:00,845.1514940530448,8.4428,True,synthetic,synthetic-random-forest-v1,True,
2026-02-26,T2,2026-02-26 22:00:00+00:00,856.5336590943629,8.4806,True,synthetic,synthetic-random-forest-v1,True,
2026-02-26,T2,2026-02-26 23:00:00+00:00,892.3486053587523,8.5929,True,synthetic,synthetic-random-forest-v1,True,
2026-02-27,T2,2026-02-27 00:00:00+00:00,947.829072594076,8.7659,True,synthetic,synthetic-random-forest-v1,True,
2026-02-27,T2,2026-02-27 01:00:00+00:00,1021.3794340121877,8.9824,True,synthetic,synthetic-random-forest-v1,True,
2026-02-27,T2,2026-02-27 02:00:00+00:00,1115.4875055637353,9.2228,True,synthetic,synthetic-random-forest-v1,True,
2026-02-27,T2,2026-02-27 03:00:00+00:00,1201.397381475289,9.4661,True,synthetic,synthetic-random-forest-v1,True,
2026-02-27,T2,2026-02-27 04:00:00+00:00,1297.1800877731625,9.6912,True,synthetic,synthetic-random-forest-v1,True,
2026-02-27,T2,2026-02-27 05:00:00+00:00,1376.4237731939168,9.8776,True,synthetic,synthetic-random-forest-v1,True,
2026-02-27,T2,2026-02-27 06:00:00+00:00,1433.746616331767,10.0066,True,synthetic,synthetic-random-forest-v1,True,
2026-02-27,T2,2026-02-27 07:00:00+00:00,1458.5305290422032,10.0621,True,synthetic,synthetic-random-forest-v1,True,
2026-02-27,T2,2026-02-27 08:00:00+00:00,1441.675754356697,10.0317,True,synthetic,synthetic-random-forest-v1,True,
2026-02-27,T2,2026-02-27 09:00:00+00:00,1394.0602985440216,9.9072,True,synthetic,synthetic-random-forest-v1,True,
2026-02-27,T2,2026-02-27 10:00:00+00:00,1294.2460506229108,9.685,True,synthetic,synthetic-random-forest-v1,True,
2026-02-27,T2,2026-02-27 11:00:00+00:00,1169.3905869285702,9.3661,True,synthetic,synthetic-random-forest-v1,True,
2026-02-27,T2,2026-02-27 12:00:00+00:00,1017.8429960553616,8.9566,True,synthetic,synthetic-random-forest-v1,True,
2026-02-27,T2,2026-02-27 13:00:00+00:00,846.423631925967,8.4669,True,synthetic,synthetic-random-forest-v1,True,
2026-02-27,T2,2026-02-27 14:00:00+00:00,687.6982511456753,7.9116,True,synthetic,synthetic-random-forest-v1,True,
2026-02-27,T2,2026-02-27 15:00:00+00:00,530.8727568710543,7.3086,True,synthetic,synthetic-random-forest-v1,True,
2026-02-27,T2,2026-02-27 16:00:00+00:00,398.31728913999797,6.6781,True,synthetic,synthetic-random-forest-v1,True,
2026-02-27,T2,2026-02-27 17:00:00+00:00,283.8710655848775,6.042,True,synthetic,synthetic-random-forest-v1,True,
2026-02-27,T2,2026-02-27 18:00:00+00:00,195.54996314414643,5.4228,True,synthetic,synthetic-random-forest-v1,True,
2026-02-27,T2,2026-02-27 19:00:00+00:00,126.68917569778792,4.8421,True,synthetic,synthetic-random-forest-v1,True,
2026-02-27,T2,2026-02-27 20:00:00+00:00,79.98249131056072,4.3201,True,synthetic,synthetic-random-forest-v1,True,
2026-02-27,T2,2026-02-27 21:00:00+00:00,44.93832112530888,3.8741,True,synthetic,synthetic-random-forest-v1,True,
2026-02-27,T2,2026-02-27 22:00:00+00:00,24.305760965188778,3.5183,True,synthetic,synthetic-random-forest-v1,True,
2026-02-27,T2,2026-02-27 23:00:00+00:00,11.69892717403087,3.2624,True,synthetic,synthetic-random-forest-v1,True,
2026-02-28,T2,2026-02-28 00:00:00+00:00,4.842678429598947,3.1119,True,synthetic,synthetic-random-forest-v1,True,
2026-02-28,T2,2026-02-28 01:00:00+00:00,2.31534435153071,3.0673,True,synthetic,synthetic-random-forest-v1,True,
2026-02-28,T2,2026-02-28 02:00:00+00:00,4.842678429598947,3.1241,True,synthetic,synthetic-random-forest-v1,True,
2026-02-28,T2,2026-02-28 03:00:00+00:00,12.342906959192936,3.2734,True,synthetic,synthetic-random-forest-v1,True,
2026-02-28,T2,2026-02-28 04:00:00+00:00,24.305760965188778,3.5022,True,synthetic,synthetic-random-forest-v1,True,
2026-02-28,T2,2026-02-28 05:00:00+00:00,41.6393273882559,3.7939,True,synthetic,synthetic-random-forest-v1,True,
2026-02-28,T2,2026-02-28 06:00:00+00:00,64.39338354697325,4.1292,True,synthetic,synthetic-random-forest-v1,True,
2026-02-28,T2,2026-02-28 07:00:00+00:00,93.0904333488016,4.4872,True,synthetic,synthetic-random-forest-v1,True,
2026-02-28,T2,2026-02-28 08:00:00+00:00,127.20556136140875,4.8464,True,synthetic,synthetic-random-forest-v1,True,
2026-02-28,T2,2026-02-28 09:00:00+00:00,165.1479861314091,5.1856,True,synthetic,synthetic-random-forest-v1,True,
2026-02-28,T2,2026-02-28 10:00:00+00:00,204.8290498246372,5.4852,True,synthetic,synthetic-random-forest-v1,True,
2026-02-28,T2,2026-02-28 11:00:00+00:00,234.50772796342105,5.7278,True,synthetic,synthetic-random-forest-v1,True,
2026-02-28,T2,2026-02-28 12:00:00+00:00,260.4978315359677,5.8995,True,synthetic,synthetic-random-forest-v1,True,
2026-02-28,T2,2026-02-28 13:00:00+00:00,277.38625295741696,5.9905,True,synthetic,synthetic-random-forest-v1,True,
2026-02-28,T2,2026-02-28 14:00:00+00:00,277.38625295741696,5.9951,True,synthetic,synthetic-random-forest-v1,True,
2026-02-28,T2,2026-02-28 15:00:00+00:00,268.0340815347399,5.9128,True,synthetic,synthetic-random-forest-v1,True,
2026-02-28,T2,2026-02-28 16:00:00+00:00,240.12019034482418,5.7475,True,synthetic,synthetic-random-forest-v1,True,
2026-02-28,T2,2026-02-28 17:00:00+00:00,206.69622026423806,5.508,True,synthetic,synthetic-random-forest-v1,True,
2026-02-28,T2,2026-02-28 18:00:00+00:00,167.48795082464088,5.2071,True,synthetic,synthetic-random-forest-v1,True,
2026-02-28,T2,2026-02-28 19:00:00+00:00,130.6833732556404,4.8612,True,synthetic,synthetic-random-forest-v1,True,
2026-02-28,T2,2026-02-28 20:00:00+00:00,93.0904333488016,4.4893,True,synthetic,synthetic-random-forest-v1,True,
2026-02-28,T2,2026-02-28 21:00:00+00:00,64.39338354697325,4.1124,True,synthetic,synthetic-random-forest-v1,True,
2026-02-28,T2,2026-02-28 22:00:00+00:00,37.77919800628416,3.7519,True,synthetic,synthetic-random-forest-v1,True,
2026-02-28,T2,2026-02-28 23:00:00+00:00,19.141245116801027,3.4292,True,synthetic,synthetic-random-forest-v1,True,
